Workbook

Sheet Fig1 Global & Regional Stacks
A1: All stacks relative to 1870-1889 HadSST1.1 and reported in ΔT (°C) | C1: Age (ka) | D1: Global -2sd | E1: Global Mean | F1: Global +2sd | G1: Tropics -2sd | H1: Tropical Mean | I1: Tropical +2sd | J1: NH Extratropics -2sd | K1: NH Extratropics Mean | L1: NH Extratropics +2sd | M1: SH Extratropics -2sd | N1: SH Extratropics Mean | O1: SH Extratropics +2sd | P1: NATL Extratropics -2sd | Q1: NATL Extratropics Mean | R1: NATL Extratropics +2sd | S1: SATL Extratropics -2sd | T1: SATL Extratropics Mean | U1: SATL Extratropics +2sd | W1: Global stack relative to 1995-2014 HadSST1.1 | X1: Age (ka) | Y1: Global_1995 -2sd | Z1: Global_1995 Mean | AA1: Global_1995 +2sd
C2: 115 | D2: -1.1577988 | E2: -0.84802192 | F2: -0.53824508 | G2: -1.5830913 | H2: -1.1845608 | I2: -0.78603035 | J2: -1.2589478 | K2: -0.65454322 | L2: -0.050138533 | M2: -0.91484398 | N2: -0.2308197 | O2: 0.45320457 | P2: -1.761078 | Q2: -1.0160294 | R2: -0.27098072 | S2: 0.04514724 | T2: 0.88236415 | U2: 1.7195811 | X2: 115 | Y2: -1.5609601 | Z2: -1.2574457 | AA2: -0.95393139
C3: 115.1 | D3: -1.1406133 | E3: -0.83241236 | F3: -0.52421141 | G3: -1.576439 | H3: -1.1781144 | I3: -0.77978981 | J3: -1.2351238 | K3: -0.62900627 | L3: -0.02288878 | M3: -0.89397776 | N3: -0.21000263 | O3: 0.47397253 | P3: -1.7306435 | Q3: -0.98207742 | R3: -0.23351139 | S3: 0.056158841 | T3: 0.90096706 | U3: 1.7457752 | X3: 115.1 | Y3: -1.5444286 | Z3: -1.2413473 | AA3: -0.93826604
C4: 115.2 | D4: -1.1261675 | E4: -0.81629658 | F4: -0.50642562 | G4: -1.5719912 | H4: -1.1710829 | I4: -0.77017444 | J4: -1.2098639 | K4: -0.60330701 | L4: 0.003249884 | M4: -0.8731581 | N4: -0.1885294 | O4: 0.49609926 | P4: -1.6931052 | Q4: -0.94758093 | R4: -0.20205671 | S4: 0.072519064 | T4: 0.92055833 | U4: 1.7685976 | X4: 115.2 | Y4: -1.5290515 | Z4: -1.2243589 | AA4: -0.91966629
C5: 115.3 | D5: -1.1130729 | E5: -0.7996555 | F5: -0.48623815 | G5: -1.5711894 | H5: -1.1635758 | I5: -0.75596213 | J5: -1.1876345 | K5: -0.57800305 | L5: 0.031628311 | M5: -0.84749466 | N5: -0.16549273 | O5: 0.51650923 | P5: -1.658955 | Q5: -0.9144035 | R5: -0.16985202 | S5: 0.095971763 | T5: 0.94056892 | U5: 1.785166 | X5: 115.3 | Y5: -1.5146949 | Z5: -1.2070454 | AA5: -0.89939594
C6: 115.4 | D6: -1.0979462 | E6: -0.78354722 | F6: -0.46914834 | G6: -1.565871 | H6: -1.1565721 | I6: -0.74727321 | J6: -1.1665502 | K6: -0.55335021 | L6: 0.059849739 | M6: -0.82399315 | N6: -0.14272642 | O6: 0.5385403 | P6: -1.626713 | Q6: -0.88214594 | R6: -0.1375789 | S6: 0.11643749 | T6: 0.96079189 | U6: 1.8051462 | X6: 115.4 | Y6: -1.5011716 | Z6: -1.1918396 | AA6: -0.88250756
C7: 115.5 | D7: -1.0826113 | E7: -0.76884663 | F7: -0.455082 | G7: -1.5612082 | H7: -1.1509066 | I7: -0.74060488 | J7: -1.141813 | K7: -0.52906573 | L7: 0.083681524 | M7: -0.80063587 | N7: -0.12339109 | O7: 0.55385369 | P7: -1.5890203 | Q7: -0.84775102 | R7: -0.10648173 | S7: 0.13173139 | T7: 0.97893411 | U7: 1.8261368 | X7: 115.5 | Y7: -1.488449 | Z7: -1.1767887 | AA7: -0.8651284
C8: 115.6 | D8: -1.0696535 | E8: -0.75477576 | F8: -0.43989798 | G8: -1.5586059 | H8: -1.1461812 | I8: -0.73375654 | J8: -1.118169 | K8: -0.5048722 | L8: 0.10842454 | M8: -0.78182417 | N8: -0.10373928 | O8: 0.57434565 | P8: -1.5563525 | Q8: -0.81434548 | R8: -0.072338462 | S8: 0.15029508 | T8: 0.99958742 | U8: 1.8488798 | X8: 115.6 | Y8: -1.4743338 | Z8: -1.1616882 | AA8: -0.84904271
C9: 115.7 | D9: -1.0548398 | E9: -0.73920882 | F9: -0.42357773 | G9: -1.5548315 | H9: -1.1395872 | I9: -0.72434288 | J9: -1.0925938 | K9: -0.48066682 | L9: 0.13126016 | M9: -0.76392591 | N9: -0.081733868 | O9: 0.60045815 | P9: -1.5199393 | Q9: -0.7826134 | R9: -0.04528749 | S9: 0.16490549 | T9: 1.0196605 | U9: 1.8744154 | X9: 115.7 | Y9: -1.457711 | Z9: -1.1455519 | AA9: -0.83339286
C10: 115.8 | D10: -1.0409136 | E10: -0.72254014 | F10: -0.40416667 | G10: -1.5511266 | H10: -1.1312746 | I10: -0.71142256 | J10: -1.0695347 | K10: -0.45610446 | L10: 0.15732574 | M10: -0.74533635 | N10: -0.059503529 | O10: 0.62632924 | P10: -1.4826636 | Q10: -0.75159252 | R10: -0.020521402 | S10: 0.17332011 | T10: 1.0365535 | U10: 1.8997869 | X10: 115.8 | Y10: -1.4425201 | Z10: -1.1284851 | AA10: -0.81445003
C11: 115.9 | D11: -1.0240495 | E11: -0.70565224 | F11: -0.38725495 | G11: -1.5419117 | H11: -1.1233776 | I11: -0.7048434 | J11: -1.0442567 | K11: -0.43006277 | L11: 0.18413115 | M11: -0.72212678 | N11: -0.038016282 | O11: 0.64609426 | P11: -1.4483606 | Q11: -0.71859968 | R11: 0.011161208 | S11: 0.1835959 | T11: 1.0533189 | U11: 1.9230418 | X11: 115.9 | Y11: -1.4262843 | Z11: -1.1114211 | AA11: -0.7965579
C12: 116 | D12: -1.005255 | E12: -0.68804532 | F12: -0.37083569 | G12: -1.5281316 | H12: -1.1145846 | I12: -0.70103753 | J12: -1.0165415 | K12: -0.40412596 | L12: 0.20828953 | M12: -0.69815916 | N12: -0.01421581 | O12: 0.6697275 | P12: -1.4124491 | Q12: -0.68600839 | R12: 0.040432394 | S12: 0.19944328 | T12: 1.0705984 | U12: 1.9417534 | X12: 116 | Y12: -1.4080014 | Z12: -1.0947204 | AA12: -0.78143936
C13: 116.1 | D13: -0.98848045 | E13: -0.67113096 | F13: -0.35378146 | G13: -1.5215298 | H13: -1.1070101 | I13: -0.69249046 | J13: -0.98701274 | K13: -0.37781367 | L13: 0.23138538 | M13: -0.67655069 | N13: 0.008984371 | O13: 0.69451946 | P13: -1.3749933 | Q13: -0.6541416 | R13: 0.066710114 | S13: 0.2188592 | T13: 1.089004 | U13: 1.9591489 | X13: 116.1 | Y13: -1.391965 | Z13: -1.0784951 | AA13: -0.76502526
... C152: 130 | D152: -0.46286595 | E152: -0.15535879 | F152: 0.15214837 | G152: -0.76199168 | H152: -0.33796027 | I152: 0.086071134 | J152: -1.332245 | K152: -0.69368517 | L152: -0.055125356 | M152: 0.32734203 | N152: 0.96311277 | O152: 1.5988835 | P152: -2.7589309 | Q152: -1.9208795 | R152: -1.082828 | S152: 0.88589579 | T152: 1.8764759 | U152: 2.8670561 | X152: 130 | Y152: -0.87688088 | Z152: -0.56832999 | AA152: -0.2597791

Sheet Reference Cores Tie Points
B2: Basin Reference Core | C2: Alignment Target | D2: Basin | E2: Depth (cm) | F2: Age (Speleo-Age, ka) | G2: Speleo Uncertainty (ka) | H2: Comments
B3: MD01-2444 | C3: Greenland Synthetic | D3: NATL | E3: 1918 | F3: 106.04 | G3: 1.2 | H3: Abrupt change in Grn_syn & SST
B4: Hodell et al., 2013 | E4: 1951 | F4: 109.67 | G4: 1.6 | H4: Abrupt change in Grn_syn & SST
E5: 1970 | F5: 111.36 | G5: 1.6 | H5: Abrupt change in Grn_syn & SST
E6: 2144 | F6: 129.71 | G6: 1.4 | H6: Abrupt rate change in Grn_syn & SST
E7: 2201 | F7: 135.98 | G7: 1.3 | H7: Start of Grn_syn increase
B9: MD02-2488 | C9: EDC δD | D9: IND | E9: 2347.0614 | F9: 106.20655 | G9: 1.2 | H9: Antarctic Isotope Maxima 24/23 transition
B10: Govin et al., 2009; 2012 | E10: 2430.9063 | F10: 111.26974 | G10: 1.6 | H10: Antarctic Isotope Maxima 25/24 transition
E11: 2470.5096 | F11: 114.43693 | G11: 1.6 | H11: Antarctic Isotope Maxima 25 start
E12: 2522.7753 | F12: 125.38205 | G12: 1.5 | H12: End temperature maxima
E13: 2549.022 | F13: 129.28102 | G13: 1.4 | H13: Temperature maxima
E14: 2554.7289 | F14: 131.41225 | G14: 1.4 | H14: Increased rate of temperature change | I14: *needed to bring temp in line with ice core & not create substantial lags in the benthic d18O record. See usage and definition also in Govin et al. (2012)
E15: 2571.7074 | F15: 133.05246 | G15: 1.4 | H15: Increased rate of temperature change
E16: 2659.2953 | F16: 136.93019 | G16: 1.6 | H16: Start of EDC & SST temperature increase
B18: MD97-2120 | C18: EDC δD | D18: PAC | E18: 1401.1016 | F18: 106.19001 | G18: 1.2 | H18: Antarctic Isotope Maxima 24/23 transition
B19: Pahnke et al., 2006 | E19: 1461.1821 | F19: 111.2482 | G19: 1.6 | H19: Antarctic Isotope Maxima 25/24 transition
E20: 1501.1195 | F20: 114.51708 | G20: 1.6 | H20: Antarctic Isotope Maxima 25 start
E21: 1541.5527 | F21: 125.38205 | G21: 1.4 | H21: End of post-temperature maxima oscillation & start of end-LIG decline
E22: 1591.017 | F22: 129.34 | G22: 1.5 | H22: Temperature maxima
E23: 1700.7636 | F23: 139.07771 | G23: 1.5 | H23: Penultimate glacial temperature minima
B25: ODP1089 | C25: EDC δD | D25: SATL | E25: 1800.1001 | F25: 106.20655 | G25: 1.2 | H25: Antarctic Isotope Maxima 24/23 transition
E26: 1839.9952 | F26: 111.26974 | G26: 1.6 | H26: Antarctic Isotope Maxima 25/24 transition
E27: 1890.1922 | F27: 119.21489 | G27: 1.6 | H27: End of LIG temperature plateau & increased rate of change
E28: 2010.0999 | F28: 129.29303 | G28: 1.5 | H28: Temperature maxima
E29: 2109.0872 | F29: 136.01588 | G29: 1.4 | H29: Penultimate deglacial temperature rate change
E30: 2229.0874 | F30: 139.15955 | G30: 1.5 | H30: Penultimate glacial temperature minima

Sheet HadSST & SynTrACE Bias Estimate
A1: Site | B1: Latitude | C1: Longitude | D1: Feb/Aug Site Bias HadSST (°C) | E1: Feb/Aug Site Bias HadSST ± | F1: Feb/Aug Site Bias TrACE (K) | G1: Feb/Aug Site Bias TrACE ±
A2: 'v2814_tf' | B2: 65 | C2: -30 | D2: 0.63546515 | E2: 0.19461474 | F2: 0.0132808 | G2: 0.079885699
A3: 'v2720_tf' | B3: 54 | C3: -46 | D3: 0.60381848 | E3: 0.22203267 | F3: 0.15234999 | G3: 0.091467701
A4: 'm234149_tf' | B4: 54 | C4: -20 | D4: 0.56952399 | E4: 0.14605607 | F4: 0.108365 | G4: 0.039536301
A5: 'v2382_tf' | B5: 53 | C5: -22 | D5: 0.55631757 | E5: 0.17057271 | F5: 0.072000302 | G5: 0.0392555
A6: 'k7081_tf' | B6: 50 | C6: -24 | D6: 0.62224519 | E6: 0.23647614 | F6: -0.020868801 | G6: 0.040800899
A7: 'v29179_tf' | B7: 44 | C7: -24 | D7: 0.6939376 | E7: 0.19538131 | F7: -0.1088 | G7: 0.0495563
A8: 'y72111_rad' | B8: 43 | C8: -126 | D8: 0.23601079 | E8: 0.25513309 | F8: 0.434926 | G8: 0.051070299
A9: 'd117_tf' | B9: 42 | C9: -53 | D9: 0.87663424 | E9: 0.3063581 | F9: -0.13199501 | G9: 0.087455101
A10: 'v3097_tf' | B10: 41 | C10: -33 | D10: 0.81101125 | E10: 0.18783411 | F10: -0.201649 | G10: 0.067827404
A11: 'gik15637_tf' | B11: 27 | C11: -19 | D11: -0.18408307 | E11: 0.14135695 | F11: -0.14437801 | G11: 0.054028802
A12: 'm123921_tf' | B12: 25 | C12: -17 | D12: -0.13291985 | E12: 0.18074976 | F12: -0.160845 | G12: 0.054549199
A13: 'tr12629_tf' | B13: 21 | C13: -94 | D13: -0.13121514 | E13: 0.17372219 | F13: -0.00206493 | G13: 0.037282601
... A45: 'md73025_rad' | B45: -44 | C45: 51 | D45: 0.58382082 | E45: 0.24856928 | F45: 0.114524 | G45: 0.0273109

Sheet TEMPLATE
A1: ID | B1: Longitude | C1: Latitude | D1: Proxy | E1: Tie Point Depth (cm) | F1: Tie Point Age (yr) | G1: Tie Point Uncertainty (yr) | H1: Hadley Bias Correction | I1: Hadley uncertainty | J1: TF Uncertainty | K1: SS Uncertainty | L1: Benthic d18O Depth (cm) | M1: Benthic d18O (per mil) | N1: Depth (cm) | O1: Proxy Value | P1: SST (ºC) | Q1: Biascorr | R1: Age (yr) | S1: SST -2sd | T1: SST mean | U1: SST +2sd
H2: Note: these data are absent in most sheets | N2: Note: because we have 1 sheet per proxy, these data are inferred from the same proxy.

Sheet NATL Data Read Me
A1: All NATL (North Atlantic Ocean) site metadata, including the original references for data included in this compilation, is available in Table S1 & S2. Provided in each site-specific sheet are the: 1) Depth of Tie Point Age (cm), Tie Point Age (yr), and Tie Point Uncertainty (yr, where tie point age uncertainty was derived from interpolating the basin reference core [see 'Reference Core Tie Points'] Speleo-Age uncertainty estimated from Barker et al. (2011)); 2) (if applicable) the HadSST1.1-derived bias correction magnitude (in °C, see all corrections listed by latitude in 'HadSST & SynTrACE Bias Estimate'), the uncertainty on this bias, the original reference transfer function uncertainty (for Foraminiferal [Foram], Rad [Radiolarian], or Cocc [Coccolithophore]-based transfer functions), and the estimated sum of the squared bias & TF uncertainties used to perturb the SST record; 3) the core site benthic oxygen isotope record on the depth scale that was used to align the record to the basin reference oxygen isotope record; 4) the published SST reconstruction(s) on the depth scale (may be >1), labeled as Depth (cm), Proxy SST, where Proxy can be Foram (foraminiferal transfer function), Cocc (coccolithophore TF), Rad (radiolarian TF), Mg/Ca (in mmol/mol where reported), or UK37 (in unsaturation ratio where reported). If a bias correction was applied, those records include another column "Proxy SST_biascorr"; 5) the SST & age uncertainty-perturbed SST reconstruction(s) at 100-yr resolution, listed as Age (yr), Proxy SST -2sd, Proxy SST mean, Proxy SST +2sd.

Sheet M23323-1_UK37
A1: ID | B1: Longitude | C1: Latitude | D1: Proxy | E1: Tie Point Depth (cm) | F1: Tie Point Age (yr) | G1: Tie Point Uncertainty (yr) | H1: Hadley Bias Correction | I1: Hadley uncertainty | J1: TF Uncertainty | K1: SS Uncertainty | L1: Benthic d18O Depth (cm) | M1: Benthic d18O (per mil) | N1: Depth (cm) | O1: Proxy Value | P1: SST (ºC) | Q1: Biascorr | R1: Age (yr) | S1: SST -2sd | T1: SST mean | U1: SST +2sd
A2: M23323-1 | B2: 5.92 | C2: 67.77 | D2: UK37 | E2: 732 | F2: 111224 | G2: 1600 | L2: 720.5 | M2: 5.04 | N2: 755.5 | P2: 10.284 | R2: 115000 | S2: 0.92806703 | T2: 3.8915374 | U2: 7.6767893
E3: 759 | F3: 118724 | G3: 1520 | L3: 721.5 | M3: 5.052 | N3: 760.5 | P3: 10.679 | R3: 115100 | S3: 0.92539786 | T3: 4.1027872 | U3: 7.9635344
E4: 867 | F4: 128048 | G4: 1418 | L4: 722.5 | M4: 5.05 | N4: 762.5 | P4: 10.355 | R4: 115200 | S4: 1.0823852 | T4: 4.0470135 | U4: 8.1363837
E5: 906 | F5: 136383 | G5: 1304 | L5: 723.5 | M5: 5.07 | N5: 765.5 | P5: 9.572 | R5: 115300 | S5: 0.92612751 | T5: 4.0018915 | U5: 7.7778487
L6: 724.5 | M6: 5.11 | N6: 767.5 | P6: 9.69 | R6: 115400 | S6: 0.76248978 | T6: 3.9843612 | U6: 8.3597232
L7: 725.5 | M7: 5.05 | N7: 770.5 | P7: 9.754 | R7: 115500 | S7: 1.0223981 | T7: 3.9406218 | U7: 8.0267587
L8: 726.5 | M8: 5.03 | N8: 775.5 | P8: 10.299 | R8: 115600 | S8: 0.69557974 | T8: 3.9831609 | U8: 8.5222807
L9: 727.5 | M9: 4.99 | N9: 777.5 | P9: 10.823 | R9: 115700 | S9: 0.91591227 | T9: 3.9620968 | U9: 8.4441142
L10: 728.5 | M10: 5.01 | N10: 780.5 | P10: 10.367 | R10: 115800 | S10: 1.112931 | T10: 3.9859426 | U10: 8.7106124
L11: 729.5 | M11: 4.99 | N11: 782.5 | P11: 11.964 | R11: 115900 | S11: 1.0666296 | T11: 3.9904232 | U11: 8.8953314
L12: 730.5 | M12: 4.87 | N12: 785.5 | P12: 10.44 | R12: 116000 | S12: 1.2832406 | T12: 4.0527225 | U12: 9.384574
L13: 731.5 | M13: 5.2 | N13: 787.5 | P13: 11.718 | R13: 116100 | S13: 1.2854331 | T13: 3.9603747 | U13: 9.2454896
L14: 732.5 | M14: 5.11 | N14: 790.5 | P14: 11.033 | R14: 116200 | S14: 1.3219783 | T14: 4.0178893 | U14: 9.2018396
L15: 733.5 | M15: 4.93 | N15: 792.5 | P15: 10.236 | R15: 116300 | S15: 1.2549021 | T15: 4.0300964 | U15: 9.1176036
L16: 734.5 | M16: 5.04 | N16: 798.5 | P16: 12.462 | R16: 116400 | S16: 1.1814951 | T16: 4.0916194 | U16: 9.2604693
L17: 735.5 | M17: 5.02 | N17: 800.5 | P17: 11.086 | R17: 116500 | S17: 1.2485316 | T17: 4.1519201 | U17: 9.59023
... L49: 767.5 | M49: 4.4 | N49: 850.5 | P49: 9.372 | R49: 119700 | S49: 2.5945731 | T49: 7.6514466 | U49: 11.097584
L50: 768.5 | M50: 4.36 | R50: 119800 | S50: 2.8027717 | T50: 7.8027265 | U50: 11.35931
L51: 769.5 | M51: 4.38 | R51: 119900 | S51: 2.9002016 | T51: 7.8662655 | U51: 11.340682
L52: 770.5 | M52: 4.39 | R52: 120000 | S52: 3.1101714 | T52: 7.8695897 | U52: 11.357215
L53: 771.5 | M53: 4.39 | R53: 120100 | S53: 3.1904542 | T53: 8.044091 | U53: 11.202645
L54: 772.5 | M54: 4.45 | R54: 120200 | S54: 3.2974959 | T54: 8.058109 | U54: 11.276466
L55: 773.5 | M55: 4.38 | R55: 120300 | S55: 3.3673707 | T55: 8.1006026 | U55: 11.381033
L56: 774.5 | M56: 4.31 | R56: 120400 | S56: 3.3125166 | T56: 8.1952591 | U56: 11.555465
L57: 775.5 | M57: 4.37 | R57: 120500 | S57: 3.3920152 | T57: 8.2368203 | U57: 11.311891
L58: 776.5 | M58: 4.36 | R58: 120600 | S58: 3.4014095 | T58: 8.3650433 | U58: 11.48919
L59: 777.5 | M59: 4.39 | R59: 120700 | S59: 3.5044975 | T59: 8.4674495 | U59: 11.389976
L60: 778.5 | M60: 4.35 | R60: 120800 | S60: 3.6785283 | T60: 8.4647141 | U60: 11.396344
L61: 779.5 | M61: 4.46 | R61: 120900 | S61: 3.8890307 | T61: 8.3875272 | U61: 11.18355
... L152: 876.5 | M152: 3.31 | R152: 130000 | S152: 0.14018602 | T152: 2.6927002 | U152: 5.8037064
L153: 877.5 | M153: 3.58
L154: 878.5 | M154: 3.39
L155: 879.5 | M155: 3.41
L156: 880.5 | M156: 3.44
L157: 881.5 | M157: 3.74
L158: 882.5 | M158: 3.69
L159: 883.5 | M159: 3.9
L160: 884.5 | M160: 4.12
L161: 885.5 | M161: 4.23
L162: 886.5 | M162: 2.26
L163: 887.5 | M163: 1.78
L164: 888.5 | M164: 3.31
... L200: 927.5 | M200: 5.43

Sheet M23323-1_Foram
A1: ID | B1: Longitude | C1: Latitude | D1: Proxy | E1: Tie Point Depth (cm) | F1: Tie Point Age (yr) | G1: Tie Point Uncertainty (yr) | H1: Hadley Bias Correction | I1: Hadley uncertainty | J1: TF Uncertainty | K1: SS Uncertainty | L1: Benthic d18O Depth (cm) | M1: Benthic d18O (per mil) | N1: Depth (cm) | O1: Proxy Value | P1: SST (ºC) | Q1: Biascorr | R1: Age (yr) | S1: SST -2sd | T1: SST mean | U1: SST +2sd
A2: M23323-1 | B2: 5.92 | C2: 67.77 | D2: Foram | E2: 732 | F2: 111224 | G2: 1600 | L2: 720.5 | M2: 5.04 | N2: 750.5 | P2: 3.1 | R2: 115000 | S2: 7.9099448 | T2: 10.205466 | U2: 12.667878
E3: 759 | F3: 118724 | G3: 1520 | L3: 721.5 | M3: 5.052 | N3: 751.5 | P3: 2.8 | R3: 115100 | S3: 8.0769308 | T3: 10.243602 | U3: 12.7327
E4: 867 | F4: 128048 | G4: 1418 | L4: 722.5 | M4: 5.05 | N4: 752.5 | P4: 3.2 | R4: 115200 | S4: 7.7818319 | T4: 10.280521 | U4: 12.942564
E5: 906 | F5: 136383 | G5: 1304 | L5: 723.5 | M5: 5.07 | N5: 753.5 | P5: 3.7 | R5: 115300 | S5: 7.8747601 | T5: 10.263443 | U5: 12.63353
L6: 724.5 | M6: 5.11 | N6: 754.5 | P6: 4.2 | R6: 115400 | S6: 7.8169983 | T6: 10.306473 | U6: 12.630553
L7: 725.5 | M7: 5.05 | N7: 755.5 | P7: 4.5 | R7: 115500 | S7: 7.9299992 | T7: 10.360334 | U7: 12.698419
L8: 726.5 | M8: 5.03 | N8: 756.5 | P8: 4 | R8: 115600 | S8: 7.9125076 | T8: 10.387562 | U8: 12.745713
L9: 727.5 | M9: 4.99 | N9: 757.5 | P9: 5 | R9: 115700 | S9: 7.7369199 | T9: 10.431951 | U9: 12.726827
L10: 728.5 | M10: 5.01 | N10: 758.5 | P10: 6.4 | R10: 115800 | S10: 7.8811649 | T10: 10.413885 | U10: 12.68426
L11: 729.5 | M11: 4.99 | N11: 759.5 | P11: 5.7 | R11: 115900 | S11: 8.1850765 | T11: 10.360939 | U11: 12.809948
L12: 730.5 | M12: 4.87 | N12: 760.5 | P12: 7.9 | R12: 116000 | S12: 7.9167445 | T12: 10.380019 | U12: 12.793567
L13: 731.5 | M13: 5.2 | N13: 761.5 | P13: 7.8 | R13: 116100 | S13: 7.9640484 | T13: 10.40907 | U13: 12.715773
L14: 732.5 | M14: 5.11 | N14: 762.5 | P14: 8.1 | R14: 116200 | S14: 7.954172 | T14: 10.379265 | U14: 12.689329
L15: 733.5 | M15: 4.93 | N15: 763.5 | P15: 7.8 | R15: 116300 | S15: 7.8908948 | T15: 10.340295 | U15: 12.860557
L16: 734.5 | M16: 5.04 | N16: 764.5 | P16: 6.7 | R16: 116400 | S16: 7.8781527 | T16: 10.35876 | U16: 12.86045
L17: 735.5 | M17: 5.02 | N17: 765.5 | P17: 7.2 | R17: 116500 | S17: 7.9064655 | T17: 10.35298 | U17: 12.860713
... L152: 876.5 | M152: 3.31 | N152: 900.5 | P152: 2.7 | R152: 130000 | S152: 6.4660439 | T152: 9.4714331 | U152: 13.166984
L153: 877.5 | M153: 3.58 | N153: 901.5 | P153: 2.1
L154: 878.5 | M154: 3.39 | N154: 902.5 | P154: 2.4
L155: 879.5 | M155: 3.41 | N155: 903.5 | P155: 2.9
L156: 880.5 | M156: 3.44 | N156: 904.5 | P156: 3.2
L157: 881.5 | M157: 3.74 | N157: 905.5 | P157: 1.2
L158: 882.5 | M158: 3.69 | N158: 907.5 | P158: 2.4
L159: 883.5 | M159: 3.9 | N159: 908.5 | P159: 2.2
L160: 884.5 | M160: 4.12 | N160: 909.5 | P160: 2.5
L161: 885.5 | M161: 4.23 | N161: 910.5 | P161: 2.7
L162: 886.5 | M162: 2.26 | N162: 911.5 | P162: 4.6
L163: 887.5 | M163: 1.78 | N163: 912.5 | P163: 4
L164: 888.5 | M164: 3.31 | N164: 913.5 | P164: 3.2
... L178: 902.5 | M178: 4.95 | N178: 927.5 | P178: 2.1
L179: 903.5 | M179: 5.05
L180: 904.5 | M180: 5.05
L181: 905.5 | M181: 5.07
L182: 907.5 | M182: 4.84
L183: 908.5 | M183: 4.9
L184: 909.5 | M184: 4.88
L185: 910.5 | M185: 4.77
L186: 913.5 | M186: 4.73
L187: 914.5 | M187: 4.63
L188: 915.5 | M188: 4.45
L189: 916.5 | M189: 4.47
L190: 917.5 | M190: 4.41
... L200: 927.5 | M200: 5.43

Sheet V28-14
A1: ID | B1: Longitude | C1: Latitude | D1: Proxy | E1: Tie Point Depth (cm) | F1: Tie Point Age (yr) | G1: Tie Point Uncertainty (yr) | H1: Hadley Bias Correction | I1: Hadley uncertainty | J1: TF Uncertainty | K1: SS Uncertainty | L1: Benthic d18O Depth (cm) | M1: Benthic d18O (per mil) | N1: Depth (cm) | O1: Proxy Value | P1: SST (ºC) | Q1: Biascorr | R1: Age (yr) | S1: SST -2sd | T1: SST mean | U1: SST +2sd
A2: V28-14 | B2: -29.57 | C2: 64.78 | D2: Foram | E2: 505 | F2: 118987 | G2: 1517 | H2: ='HadSST & SynTrACE Bias Estimate'!D2 -> 0.63546515 | I2: ='HadSST & SynTrACE Bias Estimate'!E2 -> 0.19461474 | J2: 1.4 | K2: =SQRT(I2^2+J2^2) -> 1.413462 | L2: 501 | M2: 4.14 | N2: 480 | P2: 3.1 | Q2: =N2-$A$8 -> 480 | R2: 115000 | S2: 1.7142948 | T2: 4.9274488 | U2: 8.8078343
E3: 525 | F3: 127212 | G3: 1427 | L3: 505 | M3: 3.71 | N3: 485 | P3: 3.1 | Q3: =N3-$A$8 -> 485 | R3: 115100 | S3: 1.6942992 | T3: 4.9945437 | U3: 8.8496626
E4: 545 | F4: 136383 | G4: 1304 | L4: 511 | M4: 3.22 | N4: 490 | P4: 3.85 | Q4: =N4-$A$8 -> 490 | R4: 115200 | S4: 1.6774117 | T4: 5.0405101 | U4: 8.9084297
L5: 515 | M5: 3.2 | N5: 495 | P5: 4.2 | Q5: =N5-$A$8 -> 495 | R5: 115300 | S5: 1.7544819 | T5: 5.1105939 | U5: 8.9992763
L6: 519 | M6: 3.22 | N6: 500 | P6: 5.7 | Q6: =N6-$A$8 -> 500 | R6: 115400 | S6: 1.7330597 | T6: 5.1954928 | U6: 9.0453893
L7: 525 | M7: 3.25 | N7: 505 | P7: 8.8 | Q7: =N7-$A$8 -> 505 | R7: 115500 | S7: 1.7655378 | T7: 5.282586 | U7: 9.092968
L8: 535 | M8: 3.67 | N8: 510 | P8: 10.95 | Q8: =N8-$A$8 -> 510 | R8: 115600 | S8: 1.7971753 | T8: 5.3652901 | U8: 9.1732734
L9: 539 | M9: 4.62 | N9: 515 | P9: 10.6 | Q9: =N9-$A$8 -> 515 | R9: 115700 | S9: 1.8765634 | T9: 5.4276703 | U9: 9.2514326
L10: 545 | M10: 5.1 | N10: 520 | P10: 11.05 | Q10: =N10-$A$8 -> 520 | R10: 115800 | S10: 1.8849065 | T10: 5.4952237 | U10: 9.310515
N11: 525 | P11: 9.35 | Q11: =N11-$A$8 -> 525 | R11: 115900 | S11: 1.9259391 | T11: 5.5933702 | U11: 9.3960948
N12: 530 | P12: 4.95 | Q12: =N12-$A$8 -> 530 | R12: 116000 | S12: 1.9592604 | T12: 5.6640781 | U12: 9.4718139
N13: 535 | P13: 3.2 | Q13: =N13-$A$8 -> 535 | R13: 116100 | S13: 1.9815929 | T13: 5.7478183 | U13: 9.5221662
N14: 540 | P14: 3.2 | Q14: =N14-$A$8 -> 540 | R14: 116200 | S14: 2.0223039 | T14: 5.8415579 | U14: 9.5633788
N15: 545 | P15: 3.2 | Q15: =N15-$A$8 -> 545 | R15: 116300 | S15: 2.0813249 | T15: 5.9256082 | U15: 9.6054428
N16: 550 | P16: 5.45 | Q16: =N16-$A$8 -> 550 | R16: 116400 | S16: 2.1002656 | T16: 6.0347176 | U16: 9.7102132
N17: 555 | P17: 3.2 | Q17: =N17-$A$8 -> 555 | R17: 116500 | S17: 2.1239844 | T17: 6.1473353 | U17: 9.8304566
N18: 560 | P18: 3.3 | Q18: =N18-$A$8 -> 560 | R18: 116600 | S18: 2.1103658 | T18: 6.2620201 | U18: 9.8889297
R19: 116700 | S19: 2.2730656 | T19: 6.3583014 | U19: 10.027345
R20: 116800 | S20: 2.3021198 | T20: 6.4329499 | U20: 10.128303
R21: 116900 | S21: 2.3702252 | T21: 6.5166701 | U21: 10.196951
R22: 117000 | S22: 2.3836246 | T22: 6.5898695 | U22: 10.274373
R23: 117100 | S23: 2.3558324 | T23: 6.6664168 | U23: 10.335472
R24: 117200 | S24: 2.4657051 | T24: 6.7529063 | U24: 10.399168
R25: 117300 | S25: 2.4948744 | T25: 6.8493176 | U25: 10.485834
R26: 117400 | S26: 2.5449483 | T26: 6.9397793 | U26: 10.556023
R27: 117500 | S27: 2.6227509 | T27: 7.0213971 | U27: 10.643189
R28: 117600 | S28: 2.5673083 | T28: 7.1301775 | U28: 10.70234
R29: 117700 | S29: 2.695285 | T29: 7.2055252 | U29: 10.772142
R30: 117800 | S30: 2.7457082 | T30: 7.3026441 | U30: 10.820846
... R152: 130000 | S152: 1.351747 | T152: 4.5820608 | U152: 9.1023051

Sheet EW9302-JPC8
A1: ID | B1: Longitude | C1: Latitude | D1: Proxy | E1: Tie Point Depth (cm) | F1: Tie Point Age (yr) | G1: Tie Point Uncertainty (yr) | H1: Hadley Bias Correction | I1: Hadley uncertainty | J1: TF Uncertainty | K1: SS Uncertainty | L1: Benthic d18O Depth (cm) | M1: Benthic d18O (per mil) | N1: Depth (cm) | O1: Proxy Value | P1: SST (ºC) | Q1: Biascorr | R1: Age (yr) | S1: SST -2sd | T1: SST mean | U1: SST +2sd
A2: EW9302-JPC8 | B2: -25 | C2: 61.42 | D2: Foram | E2: 864 | F2: 112903 | G2: 1583 | L2: 504 | M2: 3.547 | N2: 876 | P2: 10.4 | R2: 115000 | S2: 5.1288501 | T2: 9.6494307 | U2: 13.198928
E3: 933 | F3: 118720 | G3: 1520 | L3: 512 | M3: 3.642 | N3: 880 | P3: 5.8 | R3: 115100 | S3: 5.0238742 | T3: 9.7460537 | U3: 13.422913
E4: 1148 | F4: 127204 | G4: 1427 | L4: 520 | M4: 3.337 | N4: 888 | P4: 8.2 | R4: 115200 | S4: 5.3136317 | T4: 9.8604225 | U4: 13.458285
E5: 1182 | F5: 132142 | G5: 1361 | L5: 528 | M5: 4.1375 | N5: 896 | P5: 10.3 | R5: 115300 | S5: 5.3297965 | T5: 9.9905274 | U5: 13.494224
E6: 1196 | F6: 136383 | G6: 1304 | L6: 536 | M6: 3.977 | N6: 904 | P6: 11.6 | R6: 115400 | S6: 5.2781537 | T6: 10.09436 | U6: 13.415275
E7: 1247 | F7: 139428 | G7: 1333 | L7: 544 | M7: 4.042 | N7: 912 | P7: 11.6 | R7: 115500 | S7: 5.3265751 | T7: 10.123013 | U7: 13.433309
L8: 552 | M8: 4.145 | N8: 920 | P8: 11.1 | R8: 115600 | S8: 5.4282593 | T8: 10.214371 | U8: 13.455051
L9: 559 | M9: 4.051 | N9: 928 | P9: 11.3 | R9: 115700 | S9: 5.406848 | T9: 10.338612 | U9: 13.494787
L10: 568 | M10: 3.643 | N10: 936 | P10: 12.8 | R10: 115800 | S10: 5.4366776 | T10: 10.458701 | U10: 13.556998
L11: 584 | M11: 3.645 | N11: 944 | P11: 12.5 | R11: 115900 | S11: 5.6905871 | T11: 10.522096 | U11: 13.6437
L12: 592 | M12: 3.708 | N12: 952 | P12: 12.6 | R12: 116000 | S12: 5.7380033 | T12: 10.605297 | U12: 13.760452
L13: 616 | M13: 3.49 | N13: 960 | P13: 12.1 | R13: 116100 | S13: 5.7897795 | T13: 10.711044 | U13: 13.743025
L14: 624 | M14: 3.574 | N14: 968 | P14: 11.7 | R14: 116200 | S14: 5.8465795 | T14: 10.770965 | U14: 13.779732
L15: 632 | M15: 3.5135 | N15: 976 | P15: 13.1 | R15: 116300 | S15: 5.8153111 | T15: 10.859887 | U15: 13.859023
L16: 640 | M16: 3.487 | N16: 984 | P16: 13.6 | R16: 116400 | S16: 6.0126274 | T16: 10.97755 | U16: 13.987912
L17: 648 | M17: 3.4065 | N17: 992 | P17: 13.5 | R17: 116500 | S17: 6.2514872 | T17: 11.075833 | U17: 13.991363
L18: 656 | M18: 3.311 | N18: 1000 | P18: 13.6 | R18: 116600 | S18: 6.3468367 | T18: 11.172221 | U18: 14.066632
L19: 664 | M19: 3.318 | N19: 1008 | P19: 14 | R19: 116700 | S19: 6.4080688 | T19: 11.242773 | U19: 14.001571
... L43: 888 | M43: 3.144 | N43: 1176 | P43: 8.2 | R43: 119100 | S43: 9.3806986 | T43: 12.374243 | U43: 15.825959
L44: 904 | M44: 3.041 | R44: 119200 | S44: 9.4724077 | T44: 12.389006 | U44: 15.783872
L45: 912 | M45: 2.912 | R45: 119300 | S45: 9.3723805 | T45: 12.435538 | U45: 15.762638
L46: 944 | M46: 2.642 | R46: 119400 | S46: 9.4768297 | T46: 12.505236 | U46: 15.795529
L47: 952 | M47: 2.611 | R47: 119500 | S47: 9.6093918 | T47: 12.545683 | U47: 15.855114
L48: 968 | M48: 2.472 | R48: 119600 | S48: 9.5964413 | T48: 12.61139 | U48: 15.932513
L49: 1000 | M49: 2.533 | R49: 119700 | S49: 9.6341026 | T49: 12.633385 | U49: 15.956522
L50: 1024 | M50: 2.542 | R50: 119800 | S50: 9.7171676 | T50: 12.739028 | U50: 16.018425
L51: 1040 | M51: 2.63 | R51: 119900 | S51: 9.9101594 | T51: 12.771106 | U51: 16.085775
L52: 1048 | M52: 2.446 | R52: 120000 | S52: 9.8222241 | T52: 12.797526 | U52: 16.24203
L53: 1052 | M53: 2.339 | R53: 120100 | S53: 9.9289078 | T53: 12.82923 | U53: 16.222265
L54: 1064 | M54: 2.374 | R54: 120200 | S54: 10.013472 | T54: 12.911429 | U54: 16.219046
L55: 1072 | M55: 2.508 | R55: 120300 | S55: 9.9796025 | T55: 12.927644 | U55: 16.187944
... L85: 1248 | M85: 4.386 | R85: 123300 | S85: 11.105562 | T85: 14.191613 | U85: 17.214781
R86: 123400 | S86: 11.113527 | T86: 14.252608 | U86: 16.998733
R87: 123500 | S87: 11.040781 | T87: 14.222721 | U87: 17.114111
R88: 123600 | S88: 10.978603 | T88: 14.198917 | U88: 17.110851
R89: 123700 | S89: 11.000341 | T89: 14.196353 | U89: 17.147591
R90: 123800 | S90: 10.99416 | T90: 14.247054 | U90: 17.046545
R91: 123900 | S91: 11.009221 | T91: 14.190674 | U91: 17.019049
R92: 124000 | S92: 11.015448 | T92: 14.173201 | U92: 17.02237
R93: 124100 | S93: 10.958065 | T93: 14.199789 | U93: 17.090134
R94: 124200 | S94: 10.908874 | T94: 14.20543 | U94: 17.089266
R95: 124300 | S95: 10.86205 | T95: 14.183299 | U95: 17.103799
R96: 124400 | S96: 10.887251 | T96: 14.222625 | U96: 17.079304
R97: 124500 | S97: 10.791612 | T97: 14.230908 | U97: 17.109457
... R152: 130000 | S152: 5.5307251 | T152: 8.5980044 | U152: 13.664503

Sheet ODP 980
A1: ID | B1: Longitude | C1: Latitude | D1: Proxy | E1: Tie Point Depth (cm) | F1: Tie Point Age (yr) | G1: Tie Point Uncertainty (yr) | H1: Hadley Bias Correction | I1: Hadley uncertainty | J1: TF Uncertainty | K1: SS Uncertainty | L1: Benthic d18O Depth (cm) | M1: Benthic d18O (per mil) | N1: Depth (cm) | O1: Proxy Value | P1: SST (ºC) | Q1: Biascorr | R1: Age (yr) | S1: SST -2sd | T1: SST mean | U1: SST +2sd
A2: ODP 980 | B2: -14.7 | C2: 55.48 | D2: Foram | E2: 1367 | F2: 105349 | G2: 1234 | L2: 1309.5 | M2: 4.2 | N2: 1421 | P2: 12.39 | R2: 115000 | S2: 9.4262805 | T2: 12.185399 | U2: 15.20281
E3: 1407 | F3: 111246 | G3: 1600 | L3: 1314.5 | M3: 4.01 | N3: 1422 | P3: 12.68 | R3: 115100 | S3: 9.3433105 | T3: 12.183075 | U3: 15.132635
E4: 1472 | F4: 118701 | G4: 1520 | L4: 1321.5 | M4: 4.08 | N4: 1425 | P4: 12.37 | R4: 115200 | S4: 9.209021 | T4: 12.196109 | U4: 15.121036
E5: 1732 | F5: 127212 | G5: 1427 | L5: 1327 | M5: 4 | N5: 1429 | P5: 12.445 | R5: 115300 | S5: 9.2600797 | T5: 12.174598 | U5: 15.100493
E6: 1785 | F6: 136361 | G6: 1304 | L6: 1332 | M6: 4.08 | N6: 1431 | P6: 12.39 | R6: 115400 | S6: 9.2541151 | T6: 12.135401 | U6: 15.014315
E7: 1867 | F7: 139396 | G7: 1333 | L7: 1337 | M7: 3.92 | N7: 1432 | P7: 12.39 | R7: 115500 | S7: 9.2473587 | T7: 12.122604 | U7: 15.131923
L8: 1341.5 | M8: 4.11 | N8: 1436 | P8: 12.39 | R8: 115600 | S8: 9.2081988 | T8: 12.173634 | U8: 15.018803
L9: 1347 | M9: 4.2 | N9: 1437 | P9: 12 | R9: 115700 | S9: 9.2619219 | T9: 12.154563 | U9: 15.03197
L10: 1354.5 | M10: 3.96 | N10: 1444 | P10: 12.04 | R10: 115800 | S10: 9.2466211 | T10: 12.193385 | U10: 15.04595
L11: 1357 | M11: 4 | N11: 1446 | P11: 12.11 | R11: 115900 | S11: 9.2991049 | T11: 12.195245 | U11: 15.236104
L12: 1367 | M12: 4.47 | N12: 1450 | P12: 12.04 | R12: 116000 | S12: 9.3405474 | T12: 12.209385 | U12: 15.226102
L13: 1372 | M13: 4.42 | N13: 1454 | P13: 12.28 | R13: 116100 | S13: 9.3155097 | T13: 12.22131 | U13: 15.094148
L14: 1377 | M14: 4.23 | N14: 1459 | P14: 11.92 | R14: 116200 | S14: 9.2180111 | T14: 12.190881 | U14: 15.303778
L15: 1381.5 | M15: 4.15 | N15: 1461 | P15: 12.28 | R15: 116300 | S15: 9.2390163 | T15: 12.193779 | U15: 15.278805
L16: 1387 | M16: 4.01 | N16: 1466 | P16: 12.28 | R16: 116400 | S16: 9.323659 | T16: 12.165665 | U16: 15.196956
L17: 1392 | M17: 4.12 | N17: 1470 | P17: 12.28 | R17: 116500 | S17: 9.339857 | T17: 12.215503 | U17: 15.261403
L18: 1397 | M18: 4.18 | N18: 1474 | P18: 12.19 | R18: 116600 | S18: 9.3606999 | T18: 12.20617 | U18: 15.421239
L19: 1401.5 | M19: 4.4 | N19: 1476 | P19: 12.28 | R19: 116700 | S19: 9.3359436 | T19: 12.221852 | U19: 15.234671
... L89: 1867 | M89: 5.38 | N89: 1780 | P89: 8 | R89: 123700 | S89: 11.513822 | T89: 15.037458 | U89: 18.267295
L90: 1874 | M90: 5.31 | R90: 123800 | S90: 11.697962 | T90: 15.141966 | U90: 18.215181
L91: 1881 | M91: 5.355 | R91: 123900 | S91: 11.738052 | T91: 15.16321 | U91: 18.360318
R92: 124000 | S92: 11.667159 | T92: 15.198763 | U92: 18.255951
R93: 124100 | S93: 11.55285 | T93: 15.168295 | U93: 18.331049
R94: 124200 | S94: 11.659585 | T94: 15.10288 | U94: 18.32893
R95: 124300 | S95: 11.773732 | T95: 15.175048 | U95: 18.317187
R96: 124400 | S96: 11.833731 | T96: 15.17882 | U96: 18.331726
R97: 124500 | S97: 11.858303 | T97: 15.204893 | U97: 18.363371
R98: 124600 | S98: 11.847553 | T98: 15.139374 | U98: 18.367813
R99: 124700 | S99: 11.618897 | T99: 15.127958 | U99: 18.39476
R100: 124800 | S100: 11.805282 | T100: 15.131776 | U100: 18.384665
R101: 124900 | S101: 11.907816 | T101: 15.136266 | U101: 18.415995
R102: 125000 | S102: 11.742748 | T102: 15.175733 | U102: 18.325913
R103: 125100 | S103: 11.659653 | T103: 15.170888 | U103: 18.284083
... R152: 130000 | S152: 3.0704544 | T152: 6.7603248 | U152: 15.729458

Sheet NA87-25
A1: ID | B1: Longitude | C1: Latitude | D1: Proxy | E1: Tie Point Depth (cm) | F1: Tie Point Age (yr) | G1: Tie Point Uncertainty (yr) | H1: Hadley Bias Correction | I1: Hadley uncertainty | J1: TF Uncertainty | K1: SS Uncertainty | L1: Benthic d18O Depth (cm) | M1: Benthic d18O (per mil) | N1: Depth (cm) | O1: Proxy Value | P1: SST (ºC) | Q1: Biascorr | R1: Age (yr) | S1: SST -2sd | T1: SST mean | U1: SST +2sd
A2: NA87-25 | B2: -14.73 | C2: 55.18 | D2: Foram | E2: 617 | F2: 118732 | G2: 1520 | L2: 610.5 | M2: 3.63 | N2: 610.5 | P2: 13.2 | R2: 115000 | S2: 11.375336 | T2: 13.228096 | U2: 16.031954
E3: 724 | F3: 127212 | G3: 1427 | L3: 614 | M3: 3.74 | N3: 614 | P3: 13.8 | R3: 115100 | S3: 11.301209 | T3: 13.227633 | U3: 15.851247
E4: 769 | F4: 136361 | G4: 1304 | L4: 615.5 | M4: 3.63 | N4: 615.5 | P4: 13 | R4: 115200 | S4: 11.220982 | T4: 13.383879 | U4: 15.861397
L5: 620.5 | M5: 3.48 | N5: 620.5 | P5: 13.2 | R5: 115300 | S5: 11.324867 | T5: 13.417326 | U5: 15.814678
L6: 625.5 | M6: 3.45 | N6: 624 | P6: 13.9 | R6: 115400 | S6: 11.436725 | T6: 13.490047 | U6: 15.731848
L7: 634 | M7: 3.35 | N7: 625.5 | P7: 13.4 | R7: 115500 | S7: 11.591591 | T7: 13.565913 | U7: 15.985314
L8: 635.5 | M8: 3.5 | N8: 630.5 | P8: 13.6 | R8: 115600 | S8: 11.531678 | T8: 13.517235 | U8: 16.001248
L9: 640.5 | M9: 3.37 | N9: 634 | P9: 14.2 | R9: 115700 | S9: 11.627186 | T9: 13.52272 | U9: 15.890387
L10: 644 | M10: 3.36 | N10: 635.5 | P10: 14.3 | R10: 115800 | S10: 11.342364 | T10: 13.571398 | U10: 15.794779
L11: 645 | M11: 3.42 | N11: 640.5 | P11: 13.8 | R11: 115900 | S11: 11.388405 | T11: 13.578953 | U11: 15.866983
L12: 654 | M12: 3.23 | N12: 644 | P12: 15.1 | R12: 116000 | S12: 11.322923 | T12: 13.460404 | U12: 15.757851
L13: 656.5 | M13: 3.24 | N13: 645 | P13: 14.3 | R13: 116100 | S13: 11.243169 | T13: 13.551987 | U13: 16.160884
L14: 661.5 | M14: 3.21 | N14: 654 | P14: 13.4 | R14: 116200 | S14: 11.145331 | T14: 13.413948 | U14: 16.071504
L15: 664 | M15: 3.25 | N15: 656.5 | P15: 13.4 | R15: 116300 | S15: 11.286815 | T15: 13.306068 | U15: 15.762811
L16: 666.5 | M16: 3.21 | N16: 661.5 | P16: 13.8 | R16: 116400 | S16: 10.813123 | T16: 13.356595 | U16: 15.908378
... L53: 805 | M53: 5 | N53: 795 | P53: 11.5 | R53: 120100 | S53: 11.108241 | T53: 13.741139 | U53: 16.374174
N54: 799 | P54: 10.9 | R54: 120200 | S54: 11.124079 | T54: 13.722617 | U54: 16.451468
N55: 805 | P55: 9.1 | R55: 120300 | S55: 11.253301 | T55: 13.768542 | U55: 16.356566
R56: 120400 | S56: 11.183344 | T56: 13.769292 | U56: 16.383743
R57: 120500 | S57: 11.16224 | T57: 13.79197 | U57: 16.366057
R58: 120600 | S58: 11.157904 | T58: 13.792946 | U58: 16.419206
R59: 120700 | S59: 11.190443 | T59: 13.828228 | U59: 16.318263
R60: 120800 | S60: 11.090344 | T60: 13.870797 | U60: 16.41037
R61: 120900 | S61: 11.114614 | T61: 13.872053 | U61: 16.47981
R62: 121000 | S62: 11.34273 | T62: 13.948532 | U62: 16.446102
R63: 121100 | S63: 11.453056 | T63: 13.952755 | U63: 16.577348
R64: 121200 | S64: 11.361943 | T64: 13.866418 | U64: 16.502819
R65: 121300 | S65: 11.363927 | T65: 13.923179 | U65: 16.588517
R66: 121400 | S66: 11.294477 | T66: 13.931939 | U66: 16.689546
R67: 121500 | S67: 11.327771 | T67: 13.940499 | U67: 16.593525
... R152: 130000 | S152: 8.5715925 | T152: 13.369303 | U152: 17.076669

Sheet V27-20
A1: ID | B1: Longitude | C1: Latitude | D1: Proxy | E1: Tie Point Depth (cm) | F1: Tie Point Age (yr) | G1: Tie Point Uncertainty (yr) | H1: Hadley Bias Correction | I1: Hadley uncertainty | J1: TF Uncertainty | K1: SS Uncertainty | L1: Benthic d18O Depth (cm) | M1: Benthic d18O (per mil) | N1: Depth (cm) | O1: Proxy Value | P1: SST (ºC) | Q1: Biascorr | R1: Age (yr) | S1: SST -2sd | T1: SST mean | U1: SST +2sd
A2: V27-20 | B2: -46.2 | C2: 54 | D2: Foram | E2: 454 | F2: 111255 | G2: 1600 | H2: ='HadSST & SynTrACE Bias Estimate'!D3 -> 0.60381848 | I2: ='HadSST & SynTrACE Bias Estimate'!E3 -> 0.22203267 | J2: 1.4 | K2: =SQRT(J2^2+I2^2) -> 1.4174973 | L2: 414 | M2: 3.105 | N2: 429 | P2: 6.5 | Q2: 5.8961815 | R2: 115000 | S2: 5.0039653 | T2: 7.8290789 | U2: 11.804327
E3: 499 | F3: 127190 | G3: 1427 | L3: 419 | M3: 3.51 | N3: 434 | P3: 6.7 | Q3: 6.0961815 | R3: 115100 | S3: 5.000938 | T3: 7.8911762 | U3: 11.894751
E4: 512 | F4: 131706 | G4: 1368 | L4: 424 | M4: 3.58 | N4: 438 | P4: 6.3 | Q4: 5.6961815 | R4: 115200 | S4: 5.0097377 | T4: 7.9291981 | U4: 11.869609
E5: 519 | F5: 136317 | G5: 1303 | L5: 429 | M5: 3.61 | N5: 444 | P5: 7.1 | Q5: 6.4961815 | R5: 115300 | S5: 5.0110034 | T5: 7.9693709 | U5: 11.887119
L6: 438 | M6: 3.74 | N6: 449 | P6: 8 | Q6: 7.3961815 | R6: 115400 | S6: 5.0133532 | T6: 8.0134963 | U6: 11.902206
L7: 454 | M7: 4.09 | N7: 454 | P7: 8.2 | Q7: 7.5961815 | R7: 115500 | S7: 5.0288576 | T7: 8.0452656 | U7: 11.882239
L8: 459 | M8: 3.96 | N8: 459 | P8: 7.1 | Q8: 6.4961815 | R8: 115600 | S8: 5.0932123 | T8: 8.0900339 | U8: 11.882413
L9: 464 | M9: 3.2 | N9: 464 | P9: 7.8 | Q9: 7.1961815 | R9: 115700 | S9: 5.0712371 | T9: 8.1399338 | U9: 11.862863
L10: 474 | M10: 3.39 | N10: 469 | P10: 9 | Q10: 8.3961815 | R10: 115800 | S10: 5.079278 | T10: 8.1996893 | U10: 11.902566
L11: 479 | M11: 3.13 | N11: 474 | P11: 10.8 | Q11: 10.196182 | R11: 115900 | S11: 5.191374 | T11: 8.2381492 | U11: 11.959035
L12: 484 | M12: 3.065 | N12: 479 | P12: 11.4 | Q12: 10.796182 | R12: 116000 | S12: 5.2538115 | T12: 8.2882169 | U12: 11.995647
L13: 485.5 | M13: 3.25 | N13: 484 | P13: 11.2 | Q13: 10.596182 | R13: 116100 | S13: 5.2902057 | T13: 8.3305055 | U13: 12.067961
L14: 489 | M14: 2.8 | N14: 489 | P14: 11.1 | Q14: 10.496182 | R14: 116200 | S14: 5.3135176 | T14: 8.4136206 | U14: 12.156324
L15: 490 | M15: 3.22 | N15: 494 | P15: 10.6 | Q15: 9.9961815 | R15: 116300 | S15: 5.323366 | T15: 8.5083388 | U15: 12.171139
L16: 494 | M16: 2.97 | N16: 499 | P16: 11.3 | Q16: 10.696182 | R16: 116400 | S16: 5.3017786 | T16: 8.586549 | U16: 12.224067
L17: 499 | M17: 2.65 | N17: 504 | P17: 11.4 | Q17: 10.796182 | R17: 116500 | S17: 5.3116169 | T17: 8.6438332 | U17: 12.281908
... L22: 524 | M22: 4.365 | N22: 529 | P22: 6 | Q22: 5.3961815 | R22: 117000 | S22: 5.5323664 | T22: 9.0225314 | U22: 12.449403
L23: 544 | M23: 4.375 | R23: 117100 | S23: 5.5860293 | T23: 9.0866088 | U23: 12.461017
R24: 117200 | S24: 5.5735613 | T24: 9.1547622 | U24: 12.461276
R25: 117300 | S25: 5.5861122 | T25: 9.2413322 | U25: 12.438111
R26: 117400 | S26: 5.6118964 | T26: 9.2908588 | U26: 12.452829
R27: 117500 | S27: 5.6498306 | T27: 9.3742843 | U27: 12.4756
R28: 117600 | S28: 5.6593114 | T28: 9.4205312 | U28: 12.485336
R29: 117700 | S29: 5.708967 | T29: 9.4742143 | U29: 12.531608
R30: 117800 | S30: 5.7069915 | T30: 9.5357727 | U30: 12.56392
R31: 117900 | S31: 5.7643482 | T31: 9.580425 | U31: 12.556571
R32: 118000 | S32: 5.805927 | T32: 9.6207058 | U32: 12.595848
R33: 118100 | S33: 5.8714715 | T33: 9.6821799 | U33: 12.61555
R34: 118200 | S34: 5.9227073 | T34: 9.736218 | U34: 12.657767
R35: 118300 | S35: 5.9352485 | T35: 9.7991203 | U35: 12.727962
... R152: 130000 | S152: 4.4571505 | T152: 7.9920808 | U152: 12.488959

Sheet M23414-9
A1: ID | B1: Longitude | C1: Latitude | D1: Proxy | E1: Tie Point Depth (cm) | F1: Tie Point Age (yr) | G1: Tie Point Uncertainty (yr) | H1: Hadley Bias Correction | I1: Hadley uncertainty | J1: TF Uncertainty | K1: SS Uncertainty | L1: Benthic d18O Depth (cm) | M1: Benthic d18O (per mil) | N1: Depth (cm) | O1: Proxy Value | P1: SST (ºC) | Q1: Biascorr | R1: Age (yr) | S1: SST -2sd | T1: SST mean | U1: SST +2sd
A2: M23414-9 | B2: -20.29 | C2: 53.53 | D2: Foram | E2: 329 | F2: 109486 | G2: 1580 | H2: ='HadSST & SynTrACE Bias Estimate'!D4 -> 0.56952399 | I2: ='HadSST & SynTrACE Bias Estimate'!E4 -> 0.14605607 | J2: 1.06 | K2: =SQRT(J2^2+I2^2) -> 1.0700151 | L2: 317.5 | M2: 3.51 | N2: 304 | P2: 9.35 | Q2: 8.780476 | R2: 115000 | S2: 7.454794 | T2: 9.5466396 | U2: 11.572633
E3: 340 | F3: 111224 | G3: 1600 | L3: 322.5 | M3: 3.68 | N3: 309 | P3: 9.8 | Q3: 9.230476 | R3: 115100 | S3: 7.502941 | T3: 9.5706311 | U3: 11.611726
E4: 402 | F4: 127212 | G4: 1427 | L4: 325 | M4: 4.06 | N4: 314 | P4: 8.9 | Q4: 8.330476 | R4: 115200 | S4: 7.5130983 | T4: 9.6056577 | U4: 11.606522
E5: 460 | F5: 136383 | G5: 1304 | L5: 327.5 | M5: 2.6 | N5: 319 | P5: 7.9 | Q5: 7.330476 | R5: 115300 | S5: 7.5279613 | T5: 9.6238662 | U5: 11.625177
E6: 480 | F6: 139396 | G6: 1333 | L6: 330 | M6: 3.88 | N6: 324 | P6: 8.7 | Q6: 8.130476 | R6: 115400 | S6: 7.5760846 | T6: 9.644352 | U6: 11.661535
L7: 332.5 | M7: 4.01 | N7: 329 | P7: 10.3 | Q7: 9.730476 | R7: 115500 | S7: 7.6025168 | T7: 9.6582542 | U7: 11.652459
L8: 335 | M8: 4.12 | N8: 334 | P8: 9 | Q8: 8.430476 | R8: 115600 | S8: 7.5966826 | T8: 9.6821241 | U8: 11.691329
L9: 337.5 | M9: 4.12 | N9: 339 | P9: 10.35 | Q9: 9.780476 | R9: 115700 | S9: 7.6155448 | T9: 9.712859 | U9: 11.707058
L10: 340 | M10: 4.28 | N10: 344 | P10: 8.9 | Q10: 8.330476 | R10: 115800 | S10: 7.6081619 | T10: 9.7609698 | U10: 11.723553
L11: 342.5 | M11: 4.06 | N11: 349 | P11: 9.7 | Q11: 9.130476 | R11: 115900 | S11: 7.6436001 | T11: 9.7686681 | U11: 11.724324
L12: 345 | M12: 4.22 | N12: 354 | P12: 10.85 | Q12: 10.280476 | R12: 116000 | S12: 7.6316662 | T12: 9.7738982 | U12: 11.738873
L13: 347.5 | M13: 4.05 | N13: 364 | P13: 9.8 | Q13: 9.230476 | R13: 116100 | S13: 7.665006 | T13: 9.7944337 | U13: 11.789511
L14: 350 | M14: 4.08 | N14: 374 | P14: 10.55 | Q14: 9.980476 | R14: 116200 | S14: 7.7218868 | T14: 9.8010809 | U14: 11.803165
L15: 352.5 | M15: 3.91 | N15: 379 | P15: 11.3 | Q15: 10.730476 | R15: 116300 | S15: 7.7089716 | T15: 9.7958885 | U15: 11.815388
L16: 355 | M16: 4.12 | N16: 389 | P16: 11.85 | Q16: 11.280476 | R16: 116400 | S16: 7.708627 | T16: 9.7889691 | U16: 11.869251
L17: 357.5 | M17: 3.99 | N17: 394 | P17: 12.2 | Q17: 11.630476 | R17: 116500 | S17: 7.6900862 | T17: 9.8095244 | U17: 11.889261
L18: 360 | M18: 4.22 | N18: 399 | P18: 13.6 | Q18: 13.030476 | R18: 116600 | S18: 7.7337877 | T18: 9.8133986 | U18: 11.881786
... L43: 422.5 | M43: 3.46 | N43: 524 | P43: 2.15 | Q43: 1.580476 | R43: 119100 | S43: 8.0635498 | T43: 10.122874 | U43: 12.558243
L44: 425 | M44: 3.31 | R44: 119200 | S44: 8.0805483 | T44: 10.149217 | U44: 12.582781
L45: 427.5 | M45: 3.68 | R45: 119300 | S45: 8.1001648 | T45: 10.184229 | U45: 12.588081
L46: 430 | M46: 3.86 | R46: 119400 | S46: 8.1246832 | T46: 10.211562 | U46: 12.617861
L47: 432.5 | M47: 3.83 | R47: 119500 | S47: 8.1249053 | T47: 10.245698 | U47: 12.629965
L48: 435 | M48: 3.78 | R48: 119600 | S48: 8.1427634 | T48: 10.277395 | U48: 12.671478
L49: 437.5 | M49: 4.09 | R49: 119700 | S49: 8.1675233 | T49: 10.298717 | U49: 12.698284
L50: 440 | M50: 3.84 | R50: 119800 | S50: 8.1959508 | T50: 10.326056 | U50: 12.747633
L51: 442.5 | M51: 4.76 | R51: 119900 | S51: 8.2083767 | T51: 10.352938 | U51: 12.743855
L52: 445 | M52: 4.4 | R52: 120000 | S52: 8.2705798 | T52: 10.378333 | U52: 12.793497
L53: 447.5 | M53: 4.38 | R53: 120100 | S53: 8.2653903 | T53: 10.413154 | U53: 12.813093
L54: 450 | M54: 5.2 | R54: 120200 | S54: 8.2928348 | T54: 10.456793 | U54: 12.815376
L55: 452.5 | M55: 4.85 | R55: 120300 | S55: 8.3180749 | T55: 10.484528 | U55: 12.851918
... L65: 500 | M65: 5.05 | R65: 121300 | S65: 8.3905533 | T65: 10.819985 | U65: 13.173058
R66: 121400 | S66: 8.4032368 | T66: 10.846388 | U66: 13.200291
R67: 121500 | S67: 8.4058952 | T67: 10.867813 | U67: 13.195691
R68: 121600 | S68: 8.4662423 | T68: 10.902019 | U68: 13.259374
R69: 121700 | S69: 8.4992037 | T69: 10.932798 | U69: 13.263612
R70: 121800 | S70: 8.5388164 | T70: 10.972059 | U70: 13.310616
R71: 121900 | S71: 8.5663492 | T71: 10.993279 | U71: 13.324478
R72: 122000 | S72: 8.6247403 | T72: 11.02143 | U72: 13.341522
R73: 122100 | S73: 8.646397 | T73: 11.057029 | U73: 13.389178
R74: 122200 | S74: 8.6701053 | T74: 11.08498 | U74: 13.441181
R75: 122300 | S75: 8.6854823 | T75: 11.124155 | U75: 13.450826
R76: 122400 | S76: 8.7124701 | T76: 11.156269 | U76: 13.451279
R77: 122500 | S77: 8.7290115 | T77: 11.195299 | U77: 13.505744
... R152: 130000 | S152: 3.4462463 | T152: 6.7578501 | U152: 13.427884

Sheet NEAP18k
A1: ID | B1: Longitude | C1: Latitude | D1: Proxy | E1: Tie Point Depth (cm) | F1: Tie Point Age (yr) | G1: Tie Point Uncertainty (yr) | H1: Hadley Bias Correction | I1: Hadley uncertainty | J1: TF Uncertainty | K1: SS Uncertainty | L1: Benthic d18O Depth (cm) | M1: Benthic d18O (per mil) | N1: Depth (cm) | O1: Proxy Value | P1: SST (ºC) | Q1: Biascorr | R1: Age (yr) | S1: SST -2sd | T1: SST mean | U1: SST +2sd
A2: NEAP18k | B2: -30.35 | C2: 52.76 | D2: Foram | E2: 432 | F2: 105470 | G2: 1228 | L2: 280 | M2: 3.9811 | N2: 540 | P2: 8.9 | R2: 115000 | S2: 6.0648 | T2: 9.4954435 | U2: 13.419283
E3: 536 | F3: 111246 | G3: 1600 | L3: 288 | M3: 3.9172 | N3: 548 | P3: 12.1 | R3: 115100 | S3: 6.1446742 | T3: 9.501184 | U3: 13.510671
E4: 594 | F4: 118720 | G4: 1520 | L4: 292 | M4: 3.7632 | N4: 552 | P4: 8.4 | R4: 115200 | S4: 6.1250958 | T4: 9.5255294 | U4: 13.519566
E5: 672 | F5: 127212 | G5: 1427 | L5: 296 | M5: 3.8496 | N5: 556 | P5: 7.4 | R5: 115300 | S5: 6.2980023 | T5: 9.6490876 | U5: 13.621996
L6: 300 | M6: 3.66 | N6: 560 | P6: 8.2 | R6: 115400 | S6: 6.3655825 | T6: 9.7274414 | U6: 13.680765
L7: 302 | M7: 3.8479 | N7: 564 | P7: 9.3 | R7: 115500 | S7: 6.2792541 | T7: 9.8164657 | U7: 13.765202
L8: 304 | M8: 3.73 | N8: 568 | P8: 8.7 | R8: 115600 | S8: 6.27848 | T8: 9.8934297 | U8: 13.73921
L9: 306 | M9: 3.6365 | N9: 572 | P9: 10.6 | R9: 115700 | S9: 6.3194591 | T9: 9.958089 | U9: 13.810061
L10: 308 | M10: 3.66 | N10: 576 | P10: 10.6 | R10: 115800 | S10: 6.4373933 | T10: 9.9970404 | U10: 13.868712
L11: 310 | M11: 3.9953 | N11: 580 | P11: 10.9 | R11: 115900 | S11: 6.4916769 | T11: 10.083314 | U11: 13.944631
L12: 312 | M12: 4.04245 | N12: 584 | P12: 12.1 | R12: 116000 | S12: 6.590263 | T12: 10.233569 | U12: 14.035333
L13: 314 | M13: 4.0339 | N13: 588 | P13: 11.6 | R13: 116100 | S13: 6.5274824 | T13: 10.312179 | U13: 14.063622
L14: 316 | M14: 4.2051 | N14: 592 | P14: 11.7 | R14: 116200 | S14: 6.6832302 | T14: 10.407126 | U14: 14.280321
L15: 318 | M15: 4.2627 | N15: 596 | P15: 13.8 | R15: 116300 | S15: 6.69121 | T15: 10.462864 | U15: 14.332539
L16: 320 | M16: 4.2011 | N16: 600 | P16: 15 | R16: 116400 | S16: 6.8789504 | T16: 10.549057 | U16: 14.508193
L17: 322 | M17: 4.0613 | N17: 604 | P17: 12.1 | R17: 116500 | S17: 6.8566458 | T17: 10.643095 | U17: 14.618139
... L38: 366 | M38: 3.5011 | N38: 674 | P38: 12.8 | R38: 118600 | S38: 8.8982027 | T38: 12.308607 | U38: 15.949126
L39: 368 | M39: 3.51 | R39: 118700 | S39: 9.1292515 | T39: 12.409875 | U39: 16.005799
L40: 370 | M40: 3.6298 | R40: 118800 | S40: 9.0544226 | T40: 12.517529 | U40: 16.017029
L41: 374 | M41: 3.4584 | R41: 118900 | S41: 9.3444719 | T41: 12.602898 | U41: 16.05823
L42: 378 | M42: 3.4371 | R42: 119000 | S42: 9.3160106 | T42: 12.680744 | U42: 16.070629
L43: 380 | M43: 3.3 | R43: 119100 | S43: 9.4425599 | T43: 12.672622 | U43: 16.041948
L44: 382 | M44: 3.5858 | R44: 119200 | S44: 9.5016586 | T44: 12.675133 | U44: 16.180893
L45: 384 | M45: 3.6033 | R45: 119300 | S45: 9.548851 | T45: 12.708551 | U45: 16.245328
L46: 386 | M46: 3.3643 | R46: 119400 | S46: 9.4700413 | T46: 12.762267 | U46: 16.174402
L47: 388 | M47: 3.32 | R47: 119500 | S47: 9.4537909 | T47: 12.830998 | U47: 16.19318
L48: 390 | M48: 3.5531 | R48: 119600 | S48: 9.4552982 | T48: 12.8303 | U48: 16.067028
L49: 392 | M49: 3.2994 | R49: 119700 | S49: 9.4933575 | T49: 12.930496 | U49: 16.104456
L50: 394 | M50: 3.2616 | R50: 119800 | S50: 9.6359388 | T50: 12.929735 | U50: 16.056606
... L152: 594 | M152: 2.9177 | R152: 130000 | S152: 12.07488 | T152: 16.16759 | U152: 19.351352
L153: 595 | M153: 2.8127
L154: 596 | M154: 2.9671
L155: 597 | M155: 2.9042
L156: 598 | M156: 2.73
L157: 599 | M157: 2.74115
L158: 600 | M158: 2.8302333
L159: 601 | M159: 2.8784
L160: 602 | M160: 2.5523
L161: 603 | M161: 2.7708
L162: 604 | M162: 2.7392
L163: 605 | M163: 2.8441
L164: 606 | M164: 2.6749
... L204: 674 | M204: 2.68215

Sheet V23-82
A1: ID | B1: Longitude | C1: Latitude | D1: Proxy | E1: Tie Point Depth (cm) | F1: Tie Point Age (yr) | G1: Tie Point Uncertainty (yr) | H1: Hadley Bias Correction | I1: Hadley uncertainty | J1: TF Uncertainty | K1: SS Uncertainty | L1: Benthic d18O Depth (cm) | M1: Benthic d18O (per mil) | N1: Depth (cm) | O1: Proxy Value | P1: SST (ºC) | Q1: Biascorr | R1: Age (yr) | S1: SST -2sd | T1: SST mean | U1: SST +2sd
A2: V23-82 | B2: -21.93 | C2: 52.58 | D2: Foram | E2: 696 | F2: 111246 | G2: 1600 | H2: ='HadSST & SynTrACE Bias Estimate'!D5 -> 0.55631757 | I2: ='HadSST & SynTrACE Bias Estimate'!E5 -> 0.17057271 | J2: 1.7 | K2: =SQRT(J2^2+I2^2) -> 1.7085359 | L2: 683 | M2: 3.76 | N2: 680 | P2: 6.75 | Q2: 6.1936824 | R2: 115000 | S2: 7.0138489 | T2: 10.171721 | U2: 13.189216
E3: 740 | F3: 118701 | G3: 1520 | L3: 696 | M3: 3.76 | N3: 685 | P3: 5.75 | Q3: 5.1936824 | R3: 115100 | S3: 7.1546311 | T3: 10.15953 | U3: 13.221598
E4: 794 | F4: 127212 | G4: 1427 | L4: 700 | M4: 3.72 | N4: 690 | P4: 7.35 | Q4: 6.7936824 | R4: 115200 | S4: 7.3113261 | T4: 10.219226 | U4: 13.276608
E5: 812 | F5: 132776 | G5: 1351 | L5: 704 | M5: 3.66 | N5: 695 | P5: 8.8 | Q5: 8.2436824 | R5: 115300 | S5: 7.2858485 | T5: 10.25226 | U5: 13.328047
E6: 840 | F6: 136405 | G6: 1304 | L6: 709 | M6: 3.45 | N6: 700 | P6: 10.75 | Q6: 10.193682 | R6: 115400 | S6: 7.2757182 | T6: 10.276946 | U6: 13.444722
L7: 714 | M7: 3.39 | N7: 705 | P7: 10.6 | Q7: 10.043682 | R7: 115500 | S7: 7.3367343 | T7: 10.294181 | U7: 13.377723
L8: 719 | M8: 3.35 | N8: 710 | P8: 9.55 | Q8: 8.9936824 | R8: 115600 | S8: 7.3737031 | T8: 10.341949 | U8: 13.49056
L9: 724 | M9: 3.57 | N9: 715 | P9: 9.45 | Q9: 8.8936824 | R9: 115700 | S9: 7.3449765 | T9: 10.370473 | U9: 13.476329
L10: 729 | M10: 3.0266667 | N10: 720 | P10: 11.3 | Q10: 10.743682 | R10: 115800 | S10: 7.3101638 | T10: 10.400015 | U10: 13.616739
L11: 734 | M11: 3.31 | N11: 725 | P11: 10.45 | Q11: 9.8936824 | R11: 115900 | S11: 7.3453529 | T11: 10.458222 | U11: 13.577679
L12: 740 | M12: 3.13 | N12: 730 | P12: 11.3 | Q12: 10.743682 | R12: 116000 | S12: 7.3695892 | T12: 10.491869 | U12: 13.58542
L13: 741 | M13: 2.87 | N13: 735 | P13: 11.7 | Q13: 11.143682 | R13: 116100 | S13: 7.3694555 | T13: 10.479259 | U13: 13.506044
L14: 754 | M14: 2.64 | N14: 740 | P14: 11.95 | Q14: 11.393682 | R14: 116200 | S14: 7.3762642 | T14: 10.519264 | U14: 13.544267
L15: 764.5 | M15: 2.73 | N15: 745 | P15: 11.15 | Q15: 10.593682 | R15: 116300 | S15: 7.4412093 | T15: 10.573897 | U15: 13.569406
L16: 774 | M16: 2.77 | N16: 750 | P16: 12.8 | Q16: 12.243682 | R16: 116400 | S16: 7.4427481 | T16: 10.628319 | U16: 13.591972
L17: 794.5 | M17: 2.67 | N17: 755 | P17: 11.7 | Q17: 11.143682 | R17: 116500 | S17: 7.4076386 | T17: 10.652304 | U17: 13.735588
L18: 800 | M18: 2.84 | N18: 760 | P18: 12 | Q18: 11.443682 | R18: 116600 | S18: 7.4520512 | T18: 10.675688 | U18: 13.766252
... L21: 849.5 | M21: 4.15 | N21: 773 | P21: 11.45 | Q21: 10.893682 | R21: 116900 | S21: 7.4961049 | T21: 10.755991 | U21: 13.776001
N22: 775 | P22: 12.85 | Q22: 12.293682 | R22: 117000 | S22: 7.569344 | T22: 10.810799 | U22: 13.758387
N23: 777 | P23: 11.25 | Q23: 10.693682 | R23: 117100 | S23: 7.6456295 | T23: 10.849047 | U23: 13.743243
N24: 780 | P24: 10.9 | Q24: 10.343682 | R24: 117200 | S24: 7.6265292 | T24: 10.865138 | U24: 13.801732
N25: 783 | P25: 11.15 | Q25: 10.593682 | R25: 117300 | S25: 7.7420446 | T25: 10.903238 | U25: 13.821084
N26: 785 | P26: 12.15 | Q26: 11.593682 | R26: 117400 | S26: 7.8985153 | T26: 10.927769 | U26: 13.913514
N27: 787 | P27: 11.7 | Q27: 11.143682 | R27: 117500 | S27: 7.8998286 | T27: 10.979999 | U27: 13.926693
N28: 790 | P28: 10.6 | Q28: 10.043682 | R28: 117600 | S28: 8.0405363 | T28: 11.029991 | U28: 13.982452
N29: 793 | P29: 10.95 | Q29: 10.393682 | R29: 117700 | S29: 8.0062664 | T29: 11.029766 | U29: 14.005203
N30: 795 | P30: 9 | Q30: 8.4436824 | R30: 117800 | S30: 8.1588211 | T30: 11.067567 | U30: 14.048958
N31: 797 | P31: 6.45 | Q31: 5.8936824 | R31: 117900 | S31: 8.1394587 | T31: 11.094871 | U31: 14.145567
N32: 800 | P32: 4.15 | Q32: 3.5936824 | R32: 118000 | S32: 8.1565473 | T32: 11.10667 | U32: 14.038212
N33: 803 | P33: 3.75 | Q33: 3.1936824 | R33: 118100 | S33: 8.1436322 | T33: 11.124662 | U33: 13.984164
... N48: 847 | P48: 3.5 | Q48: 2.9436824 | R48: 119600 | S48: 8.4142214 | T48: 11.456608 | U48: 14.359521
R49: 119700 | S49: 8.468478 | T49: 11.472943 | U49: 14.44499
R50: 119800 | S50: 8.5079607 | T50: 11.496558 | U50: 14.397335
R51: 119900 | S51: 8.4304535 | T51: 11.51741 | U51: 14.450653
R52: 120000 | S52: 8.5088292 | T52: 11.53788 | U52: 14.492201
R53: 120100 | S53: 8.5458041 | T53: 11.582343 | U53: 14.450662
R54: 120200 | S54: 8.5912679 | T54: 11.622525 | U54: 14.345492
R55: 120300 | S55: 8.6605549 | T55: 11.590386 | U55: 14.374587
R56: 120400 | S56: 8.7339013 | T56: 11.58713 | U56: 14.440538
R57: 120500 | S57: 8.7240349 | T57: 11.605849 | U57: 14.585768
R58: 120600 | S58: 8.8153494 | T58: 11.604691 | U58: 14.547283
R59: 120700 | S59: 8.9132756 | T59: 11.609686 | U59: 14.515981
R60: 120800 | S60: 8.8643842 | T60: 11.602803 | U60: 14.496656
... R152: 130000 | S152: 0.98762975 | T152: 3.7409134 | U152: 9.471146

Sheet K708-1
A1: ID | B1: Longitude | C1: Latitude | D1: Proxy | E1: Tie Point Depth (cm) | F1: Tie Point Age (yr) | G1: Tie Point Uncertainty (yr) | H1: Hadley Bias Correction | I1: Hadley uncertainty | J1: TF Uncertainty | K1: SS Uncertainty | L1: Benthic d18O Depth (cm) | M1: Benthic d18O (per mil) | N1: Depth (cm) | O1: Proxy Value | P1: SST (ºC) | Q1: Biascorr | R1: Age (yr) | S1: SST -2sd | T1: SST mean | U1: SST +2sd
A2: K708-1 | B2: -23.74 | C2: 50 | D2: Foram | E2: 760 | F2: 112939 | G2: 1583 | H2: ='HadSST & SynTrACE Bias Estimate'!D6 -> 0.62224519 | I2: ='HadSST & SynTrACE Bias Estimate'!E6 -> 0.23647614 | J2: 1.4 | K2: =SQRT(I2^2+J2^2) -> 1.4198313 | L2: 730 | M2: 3.79 | N2: 740 | P2: 13 | Q2: 12.377755 | R2: 115000 | S2: 6.5003733 | T2: 12.032709 | U2: 16.152561
E3: 795 | F3: 122438 | G3: 1479 | L3: 745 | M3: 4.01 | N3: 760 | P3: 7.65 | Q3: 7.0277548 | R3: 115100 | S3: 6.6197818 | T3: 12.194419 | U3: 16.196062
E4: 850 | F4: 127212 | G4: 1427 | L4: 760 | M4: 4.08 | N4: 770 | P4: 14.25 | Q4: 13.627755 | R4: 115200 | S4: 6.5761401 | T4: 12.385318 | U4: 16.231012
E5: 870 | F5: 136361 | G5: 1304 | L5: 765 | M5: 3.61 | N5: 780 | P5: 14.45 | Q5: 13.827755 | R5: 115300 | S5: 6.7270268 | T5: 12.535345 | U5: 16.290819
L6: 775 | M6: 3.64 | N6: 785 | P6: 15.4 | Q6: 14.777755 | R6: 115400 | S6: 6.799725 | T6: 12.699968 | U6: 16.441334
L7: 790 | M7: 3.385 | N7: 790 | P7: 17.25 | Q7: 16.627755 | R7: 115500 | S7: 6.929239 | T7: 12.82145 | U7: 16.549719
L8: 795 | M8: 2.47 | N8: 795 | P8: 17.25 | Q8: 16.627755 | R8: 115600 | S8: 7.1890526 | T8: 12.921256 | U8: 16.618102
L9: 800 | M9: 3.36 | N9: 800 | P9: 15.6 | Q9: 14.977755 | R9: 115700 | S9: 7.2464921 | T9: 13.0298 | U9: 16.656812
L10: 815 | M10: 2.97 | N10: 805 | P10: 15.3 | Q10: 14.677755 | R10: 115800 | S10: 7.3160603 | T10: 13.146404 | U10: 16.691933
L11: 820 | M11: 2.85 | N11: 810 | P11: 14.95 | Q11: 14.327755 | R11: 115900 | S11: 7.4988959 | T11: 13.287737 | U11: 16.721203
L12: 825 | M12: 2.99 | N12: 815 | P12: 15.5 | Q12: 14.877755 | R12: 116000 | S12: 7.5693268 | T12: 13.388419 | U12: 16.817876
L13: 830 | M13: 3.07 | N13: 820 | P13: 15.1 | Q13: 14.477755 | R13: 116100 | S13: 7.7123022 | T13: 13.47756 | U13: 16.903695
L14: 845 | M14: 3.35 | N14: 825 | P14: 16.5 | Q14: 15.877755 | R14: 116200 | S14: 7.8430664 | T14: 13.550138 | U14: 17.087014
L15: 848 | M15: 2.83 | N15: 830 | P15: 16.6 | Q15: 15.977755 | R15: 116300 | S15: 7.9605311 | T15: 13.593394 | U15: 17.233474
L16: 850 | M16: 2.78 | N16: 835 | P16: 14.15 | Q16: 13.527755 | R16: 116400 | S16: 8.1052104 | T16: 13.651724 | U16: 17.295727
L17: 870 | M17: 4.35 | N17: 840 | P17: 14.65 | Q17: 14.027755 | R17: 116500 | S17: 8.2233086 | T17: 13.707914 | U17: 17.374501
L18: 875 | M18: 4.3 | N18: 845 | P18: 14.35 | Q18: 13.727755 | R18: 116600 | S18: 8.3161383 | T18: 13.758799 | U18: 17.415618
N19: 848 | P19: 13.9 | Q19: 13.277755 | R19: 116700 | S19: 8.4308206 | T19: 13.825552 | U19: 17.456367
N20: 850 | P20: 14.45 | Q20: 13.827755 | R20: 116800 | S20: 8.8012082 | T20: 13.869395 | U20: 17.482232
N21: 853 | P21: 11.85 | Q21: 11.227755 | R21: 116900 | S21: 9.1311473 | T21: 13.950511 | U21: 17.57394
N22: 855 | P22: 6.9 | Q22: 6.2777548 | R22: 117000 | S22: 9.3946452 | T22: 14.019171 | U22: 17.668881
N23: 858 | P23: 5.75 | Q23: 5.1277548 | R23: 117100 | S23: 9.5750768 | T23: 14.064434 | U23: 17.684452
N24: 860 | P24: 6.4 | Q24: 5.7777548 | R24: 117200 | S24: 9.7366258 | T24: 14.103191 | U24: 17.753591
N25: 863 | P25: 7 | Q25: 6.3777548 | R25: 117300 | S25: 9.8954783 | T25: 14.137765 | U25: 17.746206
N26: 865 | P26: 2.95 | Q26: 2.3277548 | R26: 117400 | S26: 10.092563 | T26: 14.203759 | U26: 17.790147
N27: 870 | P27: 3.3 | Q27: 2.6777548 | R27: 117500 | S27: 10.267011 | T27: 14.253478 | U27: 17.87979
N28: 875 | P28: 3.9 | Q28: 3.2777548 | R28: 117600 | S28: 10.414873 | T28: 14.296726 | U28: 17.916067
N29: 880 | P29: 5.4 | Q29: 4.7777548 | R29: 117700 | S29: 10.505239 | T29: 14.356069 | U29: 17.924466
R30: 117800 | S30: 10.604353 | T30: 14.394321 | U30: 17.991357
R31: 117900 | S31: 10.684447 | T31: 14.455587 | U31: 17.988814
R32: 118000 | S32: 10.779079 | T32: 14.498493 | U32: 18.057018
R33: 118100 | S33: 10.944722 | T33: 14.575014 | U33: 18.097862
R34: 118200 | S34: 11.08267 | T34: 14.64516 | U34: 18.138196
R35: 118300 | S35: 11.133198 | T35: 14.710491 | U35: 18.250289
R36: 118400 | S36: 11.260764 | T36: 14.775976 | U36: 18.272437
R37: 118500 | S37: 11.274227 | T37: 14.845176 | U37: 18.280191
R38: 118600 | S38: 11.370968 | T38: 14.92621 | U38: 18.318876
R39: 118700 | S39: 11.419454 | T39: 14.996798 | U39: 18.390745
R40: 118800 | S40: 11.483229 | T40: 15.045496 | U40: 18.36621
R41: 118900 | S41: 11.57494 | T41: 15.102574 | U41: 18.438011
... R152: 130000 | S152: 3.3766493 | T152: 7.8815414 | U152: 14.933553

Sheet MD04-2845
A1: ID | B1: Longitude | C1: Latitude | D1: Proxy | E1: Tie Point Depth (cm) | F1: Tie Point Age (yr) | G1: Tie Point Uncertainty (yr) | H1: Hadley Bias Correction | I1: Hadley uncertainty | J1: TF Uncertainty | K1: SS Uncertainty | L1: Benthic d18O Depth (cm) | M1: Benthic d18O (per mil) | N1: Depth (cm) | O1: Proxy Value | P1: SST (ºC) | Q1: Biascorr | R1: Age (yr) | S1: SST -2sd | T1: SST mean | U1: SST +2sd
A2: MD04-2845 | B2: -5.22 | C2: 45.35 | D2: Foram | E2: 2015 | F2: 105355 | G2: 1234 | L2: 2000 | M2: 3.3658441 | N2: 2000 | P2: 19.9 | R2: 115000 | S2: 14.481544 | T2: 18.167181 | U2: 21.311719
E3: 2045 | F3: 111202 | G3: 1600 | L3: 2005 | M3: 3.3223164 | N3: 2010 | P3: 12.7 | R3: 115100 | S3: 14.682382 | T3: 18.376356 | U3: 21.364418
E4: 2071 | F4: 118704 | G4: 1520 | L4: 2010 | M4: 3.4536404 | N4: 2020 | P4: 17.1 | R4: 115200 | S4: 14.638927 | T4: 18.556546 | U4: 21.469375
E5: 2120 | F5: 127210 | G5: 1427 | L5: 2015 | M5: 3.5554825 | N5: 2030 | P5: 16.2 | R5: 115300 | S5: 14.682415 | T5: 18.690017 | U5: 21.528189
E6: 2162 | F6: 136383 | G6: 1304 | L6: 2020 | M6: 3.414989 | N6: 2035 | P6: 10.6 | R6: 115400 | S6: 14.737174 | T6: 18.835735 | U6: 21.57208
L7: 2022 | M7: 3.3670903 | N7: 2040 | P7: 6.3 | R7: 115500 | S7: 14.882453 | T7: 18.938162 | U7: 21.615811
L8: 2025 | M8: 3.3910599 | N8: 2045 | P8: 14.6 | R8: 115600 | S8: 15.030762 | T8: 19.039092 | U8: 21.640601
L9: 2030 | M9: 3.2801074 | N9: 2050 | P9: 18.4 | R9: 115700 | S9: 14.995683 | T9: 19.102877 | U9: 21.705505
L10: 2032 | M10: 3.3236252 | N10: 2055 | P10: 15.1 | R10: 115800 | S10: 15.087983 | T10: 19.189491 | U10: 21.74411
L11: 2035 | M11: 3.6301532 | N11: 2060 | P11: 19.4 | R11: 115900 | S11: 15.153251 | T11: 19.270221 | U11: 21.7143
L12: 2037 | M12: 3.5630468 | N12: 2065 | P12: 20.7 | R12: 116000 | S12: 15.193675 | T12: 19.357513 | U12: 21.740944
L13: 2040 | M13: 3.6024309 | N13: 2070 | P13: 18.6 | R13: 116100 | S13: 15.248568 | T13: 19.415546 | U13: 21.747944
L14: 2042 | M14: 3.5397162 | N14: 2075 | P14: 20.5 | R14: 116200 | S14: 15.291659 | T14: 19.48934 | U14: 21.812334
L15: 2045 | M15: 3.5606857 | N15: 2080 | P15: 20.8 | R15: 116300 | S15: 15.37867 | T15: 19.484761 | U15: 21.757614
L16: 2047 | M16: 3.4009847 | N16: 2082 | P16: 21.5 | R16: 116400 | S16: 15.398726 | T16: 19.521256 | U16: 21.767655
L17: 2050 | M17: 3.498149 | N17: 2085 | P17: 22.1 | R17: 116500 | S17: 15.555562 | T17: 19.538471 | U17: 21.84604
L18: 2052 | M18: 3.402004 | N18: 2087 | P18: 20.8 | R18: 116600 | S18: 15.618327 | T18: 19.562585 | U18: 21.838804
... L49: 2132 | M49: 4.1343629 | N49: 2165 | P49: 13.6 | R49: 119700 | S49: 17.638118 | T49: 20.300977 | U49: 22.827396
L50: 2135 | M50: 4.6814994 | R50: 119800 | S50: 17.621705 | T50: 20.292287 | U50: 22.883917
L51: 2137 | M51: 2.869881 | R51: 119900 | S51: 17.654215 | T51: 20.292463 | U51: 22.899727
L52: 2140 | M52: 3.2697617 | R52: 120000 | S52: 17.643628 | T52: 20.294496 | U52: 22.830007
L53: 2147 | M53: 3.4917291 | R53: 120100 | S53: 17.674755 | T53: 20.266828 | U53: 22.859014
L54: 2150 | M54: 4.3998384 | R54: 120200 | S54: 17.636625 | T54: 20.256027 | U54: 22.891681
L55: 2155 | M55: 3.5894573 | R55: 120300 | S55: 17.621796 | T55: 20.277917 | U55: 22.973279
L56: 2157 | M56: 4.3564511 | R56: 120400 | S56: 17.587285 | T56: 20.306293 | U56: 22.946953
L57: 2160 | M57: 4.3645736 | R57: 120500 | S57: 17.48641 | T57: 20.261993 | U57: 22.863702
L58: 2162 | M58: 4.4822922 | R58: 120600 | S58: 17.427049 | T58: 20.236824 | U58: 22.805297
L59: 2165 | M59: 4.3442634 | R59: 120700 | S59: 17.516101 | T59: 20.210186 | U59: 22.839721
R60: 120800 | S60: 17.422919 | T60: 20.206016 | U60: 22.784425
R61: 120900 | S61: 17.463866 | T61: 20.150604 | U61: 22.815106
R62: 121000 | S62: 17.333246 | T62: 20.148875 | U62: 22.833863
R63: 121100 | S63: 17.381127 | T63: 20.082223 | U63: 22.878985
R64: 121200 | S64: 17.4147 | T64: 20.049618 | U64: 22.843874
R65: 121300 | S65: 17.456195 | T65: 20.010502 | U65: 22.730571
R66: 121400 | S66: 17.466454 | T66: 19.975409 | U66: 22.825708
R67: 121500 | S67: 17.432989 | T67: 19.893125 | U67: 22.763205
R68: 121600 | S68: 17.3521 | T68: 19.821477 | U68: 22.723153
R69: 121700 | S69: 17.364564 | T69: 19.795401 | U69: 22.74119
R70: 121800 | S70: 17.387683 | T70: 19.751271 | U70: 22.648047
R71: 121900 | S71: 17.384407 | T71: 19.706803 | U71: 22.601085
... R152: 130000 | S152: 2.4860267 | T152: 10.68001 | U152: 18.594417

Sheet V29-179
A1: ID | B1: Longitude | C1: Latitude | D1: Proxy | E1: Tie Point Depth (cm) | F1: Tie Point Age (yr) | G1: Tie Point Uncertainty (yr) | H1: Hadley Bias Correction | I1: Hadley uncertainty | J1: TF Uncertainty | K1: SS Uncertainty | L1: Benthic d18O Depth (cm) | M1: Benthic d18O (per mil) | N1: Depth (cm) | O1: Proxy Value | P1: SST (ºC) | Q1: Biascorr | R1: Age (yr) | S1: SST -2sd | T1: SST mean | U1: SST +2sd
A2: V29-179 | B2: -23.51 | C2: 44 | D2: Foram | E2: 470 | F2: 111245 | G2: 1600 | H2: ='HadSST & SynTrACE Bias Estimate'!D7 -> 0.6939376 | I2: ='HadSST & SynTrACE Bias Estimate'!E7 -> 0.19538131 | J2: 1.4 | K2: =SQRT(I2^2+J2^2) -> 1.4135678 | L2: 460 | M2: 4.04 | N2: 460 | P2: 14.35 | Q2: 13.656062 | R2: 115000 | S2: 10.58894 | T2: 15.083454 | U2: 18.829928
E3: 520 | F3: 127234 | G3: 1427 | L3: 465 | M3: 4.19 | N3: 465 | P3: 11.45 | Q3: 10.756062 | R3: 115100 | S3: 10.613666 | T3: 15.173121 | U3: 18.834558
E4: 530 | F4: 133172 | G4: 1345 | L4: 470 | M4: 4.405 | N4: 470 | P4: 12.2 | Q4: 11.506062 | R4: 115200 | S4: 10.654859 | T4: 15.248375 | U4: 18.903818
E5: 555 | F5: 136383 | G5: 1304 | L5: 475 | M5: 4.15 | N5: 475 | P5: 13.25 | Q5: 12.556062 | R5: 115300 | S5: 10.704738 | T5: 15.331856 | U5: 18.921642
L6: 480 | M6: 4.22 | N6: 480 | P6: 16.4 | Q6: 15.706062 | R6: 115400 | S6: 10.706061 | T6: 15.43236 | U6: 19.071519
L7: 485 | M7: 3.68 | N7: 485 | P7: 16.85 | Q7: 16.156062 | R7: 115500 | S7: 10.772411 | T7: 15.493506 | U7: 19.032252
L8: 486 | M8: 4 | N8: 490 | P8: 17 | Q8: 16.306062 | R8: 115600 | S8: 10.847213 | T8: 15.584059 | U8: 19.068738
L9: 490 | M9: 3.7366667 | N9: 495 | P9: 18.1 | Q9: 17.406062 | R9: 115700 | S9: 10.874239 | T9: 15.640405 | U9: 19.096493
L10: 495 | M10: 3.645 | N10: 500 | P10: 18 | Q10: 17.306062 | R10: 115800 | S10: 10.905172 | T10: 15.744038 | U10: 19.177407
L11: 496 | M11: 3.52 | N11: 505 | P11: 18.75 | Q11: 18.056062 | R11: 115900 | S11: 10.962658 | T11: 15.810126 | U11: 19.203423
L12: 500 | M12: 3.31 | N12: 510 | P12: 19.4 | Q12: 18.706062 | R12: 116000 | S12: 11.04568 | T12: 15.846671 | U12: 19.142566
L13: 505 | M13: 3.52 | N13: 515 | P13: 17.75 | Q13: 17.056062 | R13: 116100 | S13: 11.052091 | T13: 15.89549 | U13: 19.139865
L14: 510 | M14: 3.31 | N14: 520 | P14: 16.95 | Q14: 16.256062 | R14: 116200 | S14: 11.066706 | T14: 15.947331 | U14: 19.203051
L15: 515 | M15: 3.52 | N15: 525 | P15: 10.05 | Q15: 9.3560624 | R15: 116300 | S15: 11.177954 | T15: 15.995236 | U15: 19.170532
L16: 520 | M16: 3.15 | N16: 530 | P16: 12.25 | Q16: 11.556062 | R16: 116400 | S16: 11.224077 | T16: 16.043708 | U16: 19.166388
L17: 530 | M17: 4.87 | N17: 535 | P17: 10.7 | Q17: 10.006062 | R17: 116500 | S17: 11.254962 | T17: 16.085631 | U17: 19.266945
... L19: 540 | M19: 5.16 | N19: 555 | P19: 10.6 | Q19: 9.9060624 | R19: 116700 | S19: 11.329646 | T19: 16.157137 | U19: 19.272466
L20: 545 | M20: 5.16 | R20: 116800 | S20: 11.342534 | T20: 16.2082 | U20: 19.303759
L21: 550 | M21: 5.32 | R21: 116900 | S21: 11.398899 | T21: 16.27194 | U21: 19.313171
L22: 555 | M22: 5.37 | R22: 117000 | S22: 11.447061 | T22: 16.302165 | U22: 19.316415
R23: 117100 | S23: 11.479786 | T23: 16.342343 | U23: 19.336094
R24: 117200 | S24: 11.558454 | T24: 16.392678 | U24: 19.366163
R25: 117300 | S25: 11.596462 | T25: 16.430924 | U25: 19.381014
R26: 117400 | S26: 11.622299 | T26: 16.479389 | U26: 19.465375
R27: 117500 | S27: 11.651745 | T27: 16.517914 | U27: 19.51802
R28: 117600 | S28: 11.68619 | T28: 16.537099 | U28: 19.534688
R29: 117700 | S29: 11.741006 | T29: 16.580267 | U29: 19.586787
R30: 117800 | S30: 11.784863 | T30: 16.61383 | U30: 19.622723
R31: 117900 | S31: 11.802769 | T31: 16.660848 | U31: 19.58816
R32: 118000 | S32: 11.867469 | T32: 16.725311 | U32: 19.667952
R33: 118100 | S33: 11.921944 | T33: 16.759547 | U33: 19.667191
R34: 118200 | S34: 11.942469 | T34: 16.782857 | U34: 19.705085
... R152: 130000 | S152: 8.1908937 | T152: 11.044292 | U152: 16.594031

Sheet SU92-03
A1: ID | B1: Longitude | C1: Latitude | D1: Proxy | E1: Tie Point Depth (cm) | F1: Tie Point Age (yr) | G1: Tie Point Uncertainty (yr) | H1: Hadley Bias Correction | I1: Hadley uncertainty | J1: TF Uncertainty | K1: SS Uncertainty | L1: Benthic d18O Depth (cm) | M1: Benthic d18O (per mil) | N1: Depth (cm) | O1: Proxy Value | P1: SST (ºC) | Q1: Biascorr | R1: Age (yr) | S1: SST -2sd | T1: SST mean | U1: SST +2sd
A2: SU92-03 | B2: -10.11 | C2: 43.2 | D2: Foram | E2: 601 | F2: 111246 | G2: 1600 | L2: 387.5 | M2: 4.73 | N2: 547.5 | P2: 4 | R2: 115000 | S2: 14.819074 | T2: 16.51094 | U2: 18.341849
E3: 633 | F3: 127212 | G3: 1427 | L3: 392.5 | M3: 4.68 | N3: 552.5 | P3: 3.9 | R3: 115100 | S3: 14.854104 | T3: 16.527201 | U3: 18.324042
E4: 667 | F4: 136419 | G4: 1304 | L4: 397.5 | M4: 4.54 | N4: 557.5 | P4: 16.4 | R4: 115200 | S4: 14.885348 | T4: 16.541266 | U4: 18.349507
E5: 682 | F5: 139391 | G5: 1333 | L5: 402.5 | M5: 4.63 | N5: 562.5 | P5: 15.3 | R5: 115300 | S5: 14.907158 | T5: 16.540002 | U5: 18.398512
L6: 407.5 | M6: 4.73 | N6: 567.5 | P6: 15.2 | R6: 115400 | S6: 14.907272 | T6: 16.557331 | U6: 18.369825
L7: 417.5 | M7: 4.64 | N7: 572.5 | P7: 16.5 | R7: 115500 | S7: 14.902267 | T7: 16.563845 | U7: 18.380205
L8: 442.5 | M8: 5.09 | N8: 577.5 | P8: 16.8 | R8: 115600 | S8: 14.889327 | T8: 16.564397 | U8: 18.392847
L9: 447.5 | M9: 5.09 | N9: 582.5 | P9: 16.3 | R9: 115700 | S9: 14.893376 | T9: 16.587501 | U9: 18.401123
L10: 452.5 | M10: 4.99 | N10: 587.5 | P10: 15.5 | R10: 115800 | S10: 14.918753 | T10: 16.591714 | U10: 18.425092
L11: 457.5 | M11: 4.94 | N11: 592.5 | P11: 16.2 | R11: 115900 | S11: 14.924659 | T11: 16.597379 | U11: 18.405459
L12: 462.5 | M12: 5.11 | N12: 597.5 | P12: 16.1 | R12: 116000 | S12: 14.901815 | T12: 16.606956 | U12: 18.441858
L13: 467.5 | M13: 5 | N13: 600.5 | P13: 15.1 | R13: 116100 | S13: 14.933821 | T13: 16.622973 | U13: 18.468396
L14: 472.5 | M14: 5.03 | N14: 607.5 | P14: 17.3 | R14: 116200 | S14: 14.937093 | T14: 16.634354 | U14: 18.450672
L15: 477.5 | M15: 4.99 | N15: 610.5 | P15: 15.7 | R15: 116300 | S15: 14.926343 | T15: 16.645734 | U15: 18.436736
L16: 482.5 | M16: 4.8 | N16: 618.5 | P16: 18 | R16: 116400 | S16: 14.898434 | T16: 16.650476 | U16: 18.470706
L17: 487.5 | M17: 4.65 | N17: 622.5 | P17: 16.5 | R17: 116500 | S17: 14.891593 | T17: 16.652968 | U17: 18.485594
... L42: 618.5 | M42: 3.59 | N42: 747.5 | P42: 6.7 | R42: 119000 | S42: 15.308048 | T42: 17.078901 | U42: 18.753704
L43: 622.5 | M43: 3.39 | R43: 119100 | S43: 15.328874 | T43: 17.101012 | U43: 18.763819
L44: 632.5 | M44: 3.06 | R44: 119200 | S44: 15.355524 | T44: 17.114422 | U44: 18.777864
L45: 647.5 | M45: 3.67 | R45: 119300 | S45: 15.34248 | T45: 17.119409 | U45: 18.768368
L46: 657.5 | M46: 4.48 | R46: 119400 | S46: 15.337623 | T46: 17.122562 | U46: 18.761877
L47: 662.5 | M47: 5.33 | R47: 119500 | S47: 15.319842 | T47: 17.134039 | U47: 18.777971
L48: 667.5 | M48: 5.38 | R48: 119600 | S48: 15.342608 | T48: 17.141458 | U48: 18.744121
L49: 672.5 | M49: 5.3 | R49: 119700 | S49: 15.368309 | T49: 17.138982 | U49: 18.744461
L50: 677.5 | M50: 5.35 | R50: 119800 | S50: 15.36267 | T50: 17.144683 | U50: 18.742499
L51: 682.5 | M51: 5.42 | R51: 119900 | S51: 15.386685 | T51: 17.154563 | U51: 18.758819
L52: 687.5 | M52: 5.25 | R52: 120000 | S52: 15.40183 | T52: 17.155154 | U52: 18.763706
L53: 692.5 | M53: 5.17 | R53: 120100 | S53: 15.427786 | T53: 17.154785 | U53: 18.79491
L54: 697.5 | M54: 5.13 | R54: 120200 | S54: 15.443224 | T54: 17.159499 | U54: 18.846007
... L61: 747.5 | M61: 4.77 | R61: 120900 | S61: 15.480716 | T61: 17.19438 | U61: 18.831796
R62: 121000 | S62: 15.486914 | T62: 17.188526 | U62: 18.829788
R63: 121100 | S63: 15.504355 | T63: 17.1971 | U63: 18.81687
R64: 121200 | S64: 15.476148 | T64: 17.20268 | U64: 18.830889
R65: 121300 | S65: 15.492181 | T65: 17.199321 | U65: 18.888263
R66: 121400 | S66: 15.482648 | T66: 17.203415 | U66: 18.92763
R67: 121500 | S67: 15.477779 | T67: 17.204964 | U67: 18.939298
R68: 121600 | S68: 15.4905 | T68: 17.214163 | U68: 18.940223
R69: 121700 | S69: 15.484031 | T69: 17.210769 | U69: 18.916767
R70: 121800 | S70: 15.491973 | T70: 17.218859 | U70: 18.943758
R71: 121900 | S71: 15.515587 | T71: 17.247817 | U71: 18.92221
R72: 122000 | S72: 15.594282 | T72: 17.251867 | U72: 18.915558
R73: 122100 | S73: 15.580365 | T73: 17.256251 | U73: 18.929375
... R152: 130000 | S152: 4.7304281 | T152: 8.8295991 | U152: 18.227058

Sheet D-117
A1: ID | B1: Longitude | C1: Latitude | D1: Proxy | E1: Tie Point Depth (cm) | F1: Tie Point Age (yr) | G1: Tie Point Uncertainty (yr) | H1: Hadley Bias Correction | I1: Hadley uncertainty | J1: TF Uncertainty | K1: SS Uncertainty | L1: Benthic d18O Depth (cm) | M1: Benthic d18O (per mil) | N1: Depth (cm) | O1: Proxy Value | P1: SST (ºC) | Q1: Biascorr | R1: Age (yr) | S1: SST -2sd | T1: SST mean | U1: SST +2sd
A2: D-117 | B2: -52.75 | C2: 42.1 | D2: Foram | E2: 240 | F2: 111246 | G2: 1600 | H2: ='HadSST & SynTrACE Bias Estimate'!D9 -> 0.87663424 | I2: ='HadSST & SynTrACE Bias Estimate'!E9 -> 0.3063581 | J2: 1.4 | K2: =SQRT(J2^2+I2^2) -> 1.4331278 | L2: 200 | M2: 4.36 | N2: 200 | P2: 9.2 | Q2: 8.3233658 | R2: 115000 | S2: 11.117587 | T2: 13.845309 | U2: 16.958659
E3: 265 | F3: 127212 | G3: 1427 | L3: 205 | M3: 4.605 | N3: 210 | P3: 9.85 | Q3: 8.9733658 | R3: 115100 | S3: 11.168823 | T3: 13.882572 | U3: 17.0105
E4: 275 | F4: 136370 | G4: 1304 | L4: 215 | M4: 4.77 | N4: 215 | P4: 12.95 | Q4: 12.073366 | R4: 115200 | S4: 11.184937 | T4: 13.917257 | U4: 17.038207
L5: 220 | M5: 4.65 | N5: 220 | P5: 9.8 | Q5: 8.9233658 | R5: 115300 | S5: 11.207534 | T5: 13.957304 | U5: 17.072482
L6: 225 | M6: 4.4 | N6: 225 | P6: 10.8 | Q6: 9.9233658 | R6: 115400 | S6: 11.257077 | T6: 14.008424 | U6: 17.126621
L7: 230 | M7: 4.41 | N7: 230 | P7: 10.25 | Q7: 9.3733658 | R7: 115500 | S7: 11.282951 | T7: 14.0604 | U7: 17.158943
L8: 240 | M8: 4.48 | N8: 235 | P8: 12.95 | Q8: 12.073366 | R8: 115600 | S8: 11.338427 | T8: 14.114594 | U8: 17.188776
L9: 245 | M9: 4.22 | N9: 240 | P9: 12.8 | Q9: 11.923366 | R9: 115700 | S9: 11.377541 | T9: 14.164032 | U9: 17.217775
L10: 250 | M10: 3.94 | N10: 245 | P10: 14.2 | Q10: 13.323366 | R10: 115800 | S10: 11.393472 | T10: 14.198839 | U10: 17.229053
L11: 255 | M11: 3.87 | N11: 250 | P11: 15.75 | Q11: 14.873366 | R11: 115900 | S11: 11.405757 | T11: 14.247821 | U11: 17.267284
L12: 265 | M12: 3.68 | N12: 255 | P12: 16.2 | Q12: 15.323366 | R12: 116000 | S12: 11.427808 | T12: 14.297416 | U12: 17.304156
L13: 270 | M13: 4.63 | N13: 265 | P13: 18.3 | Q13: 17.423366 | R13: 116100 | S13: 11.447373 | T13: 14.348371 | U13: 17.341895
L14: 275 | M14: 4.94 | N14: 275 | P14: 10.5 | Q14: 9.6233658 | R14: 116200 | S14: 11.463602 | T14: 14.390107 | U14: 17.39287
L15: 280 | M15: 4.35 | N15: 280 | P15: 13.7 | Q15: 12.823366 | R15: 116300 | S15: 11.49018 | T15: 14.432269 | U15: 17.417591
L16: 290 | M16: 4.87 | N16: 285 | P16: 11.95 | Q16: 11.073366 | R16: 116400 | S16: 11.504949 | T16: 14.471699 | U16: 17.45408
N17: 290 | P17: 11.45 | Q17: 10.573366 | R17: 116500 | S17: 11.522362 | T17: 14.504036 | U17: 17.445571
R18: 116600 | S18: 11.535224 | T18: 14.555061 | U18: 17.446591
R19: 116700 | S19: 11.572318 | T19: 14.582962 | U19: 17.440989
R20: 116800 | S20: 11.5966 | T20: 14.602354 | U20: 17.453812
R21: 116900 | S21: 11.604587 | T21: 14.631422 | U21: 17.490214
R22: 117000 | S22: 11.615648 | T22: 14.662325 | U22: 17.524123
R23: 117100 | S23: 11.639176 | T23: 14.70018 | U23: 17.52908
R24: 117200 | S24: 11.681292 | T24: 14.729878 | U24: 17.569899
R25: 117300 | S25: 11.710846 | T25: 14.766363 | U25: 17.578584
R26: 117400 | S26: 11.743815 | T26: 14.792286 | U26: 17.584023
R27: 117500 | S27: 11.748025 | T27: 14.810657 | U27: 17.593218
R28: 117600 | S28: 11.796601 | T28: 14.841018 | U28: 17.599747
R29: 117700 | S29: 11.809727 | T29: 14.851969 | U29: 17.644425
... R152: 130000 | S152: 12.822218 | T152: 15.389487 | U152: 18.596506

Sheet CH69-K09
A1: ID | B1: Longitude | C1: Latitude | D1: Proxy | E1: Tie Point Depth (cm) | F1: Tie Point Age (yr) | G1: Tie Point Uncertainty (yr) | H1: Hadley Bias Correction | I1: Hadley uncertainty | J1: TF Uncertainty | K1: SS Uncertainty | L1: Benthic d18O Depth (cm) | M1: Benthic d18O (per mil) | N1: Depth (cm) | O1: Proxy Value | P1: SST (ºC) | Q1: Biascorr | R1: Age (yr) | S1: SST -2sd | T1: SST mean | U1: SST +2sd
A2: CH69-K09 | B2: -47.35 | C2: 41.76 | D2: Foram | E2: 1170 | F2: 118688 | G2: 1520 | L2: 1145 | M2: 4.06 | N2: 1145 | P2: 19.4 | R2: 115000 | S2: 16.296182 | T2: 19.342241 | U2: 21.947926
E3: 1275 | F3: 127212 | G3: 1427 | L3: 1151 | M3: 4.04 | N3: 1150 | P3: 18.8 | R3: 115100 | S3: 16.444131 | T3: 19.349932 | U3: 21.943665
E4: 1295 | F4: 136383 | G4: 1304 | L4: 1160 | M4: 4.03 | N4: 1155 | P4: 19 | R4: 115200 | S4: 16.535198 | T4: 19.376222 | U4: 21.899181
E5: 1305 | F5: 139418 | G5: 1333 | L5: 1165 | M5: 4.02 | N5: 1160 | P5: 19.6 | R5: 115300 | S5: 16.571382 | T5: 19.341887 | U5: 21.884592
L6: 1170 | M6: 3.79 | N6: 1165 | P6: 19.3 | R6: 115400 | S6: 16.492511 | T6: 19.341303 | U6: 21.872899
L7: 1175 | M7: 3.61 | N7: 1170 | P7: 19.5 | R7: 115500 | S7: 16.553204 | T7: 19.317344 | U7: 21.887627
L8: 1180 | M8: 3.72 | N8: 1175 | P8: 19.6 | R8: 115600 | S8: 16.605225 | T8: 19.303901 | U8: 21.987077
L9: 1182 | M9: 3.68 | N9: 1180 | P9: 18.5 | R9: 115700 | S9: 16.609335 | T9: 19.299322 | U9: 21.984387
L10: 1190 | M10: 3.4 | N10: 1182 | P10: 20.6 | R10: 115800 | S10: 16.535019 | T10: 19.294763 | U10: 22.02425
L11: 1202 | M11: 3.53 | N11: 1190 | P11: 20.7 | R11: 115900 | S11: 16.552786 | T11: 19.337461 | U11: 22.117191
L12: 1206 | M12: 3.405 | N12: 1195 | P12: 19.8 | R12: 116000 | S12: 16.58858 | T12: 19.329279 | U12: 22.150827
L13: 1208 | M13: 3.55 | N13: 1200 | P13: 20.2 | R13: 116100 | S13: 16.583358 | T13: 19.3461 | U13: 22.197369
L14: 1210 | M14: 3.25 | N14: 1206 | P14: 21.1 | R14: 116200 | S14: 16.647667 | T14: 19.37043 | U14: 22.32016
L15: 1215 | M15: 3.42 | N15: 1210 | P15: 15.3 | R15: 116300 | S15: 16.697418 | T15: 19.365798 | U15: 22.212378
L16: 1218 | M16: 3.47 | N16: 1215 | P16: 19.5 | R16: 116400 | S16: 16.795928 | T16: 19.348301 | U16: 22.132823
L17: 1219 | M17: 3.41 | N17: 1219 | P17: 19.3 | R17: 116500 | S17: 16.723727 | T17: 19.372967 | U17: 22.233435
... L42: 1310 | M42: 5.01 | N42: 1305 | P42: 13.7 | R42: 119000 | S42: 16.22439 | T42: 19.558517 | U42: 22.478725
N43: 1306 | P43: 15.8 | R43: 119100 | S43: 15.951598 | T43: 19.542744 | U43: 22.622288
N44: 1310 | P44: 16.7 | R44: 119200 | S44: 15.914769 | T44: 19.56207 | U44: 22.630407
R45: 119300 | S45: 16.125187 | T45: 19.535052 | U45: 22.547914
R46: 119400 | S46: 15.969759 | T46: 19.576739 | U46: 22.584141
R47: 119500 | S47: 16.137411 | T47: 19.578322 | U47: 22.775297
R48: 119600 | S48: 16.068226 | T48: 19.570763 | U48: 22.595356
R49: 119700 | S49: 15.860027 | T49: 19.592039 | U49: 22.651498
R50: 119800 | S50: 15.761284 | T50: 19.594419 | U50: 22.54083
R51: 119900 | S51: 15.666828 | T51: 19.580358 | U51: 22.478387
R52: 120000 | S52: 15.425482 | T52: 19.542501 | U52: 22.555803
R53: 120100 | S53: 15.602151 | T53: 19.558419 | U53: 22.618563
R54: 120200 | S54: 15.418821 | T54: 19.573596 | U54: 22.641489
R55: 120300 | S55: 15.494348 | T55: 19.597235 | U55: 22.708568
R56: 120400 | S56: 15.327917 | T56: 19.593964 | U56: 22.761296
... R152: 130000 | S152: 10.204759 | T152: 13.546633 | U152: 17.355919

Sheet V30-97
A1: ID | B1: Longitude | C1: Latitude | D1: Proxy | E1: Tie Point Depth (cm) | F1: Tie Point Age (yr) | G1: Tie Point Uncertainty (yr) | H1: Hadley Bias Correction | I1: Hadley uncertainty | J1: TF Uncertainty | K1: SS Uncertainty | L1: Benthic d18O Depth (cm) | M1: Benthic d18O (per mil) | N1: Depth (cm) | O1: Proxy Value | P1: SST (ºC) | Q1: Biascorr | R1: Age (yr) | S1: SST -2sd | T1: SST mean | U1: SST +2sd
A2: V30-97 | B2: -32.93 | C2: 41 | D2: Foram | E2: 495 | F2: 107815 | G2: 1396 | H2: ='HadSST & SynTrACE Bias Estimate'!D10 -> 0.81101125 | I2: ='HadSST & SynTrACE Bias Estimate'!E10 -> 0.18783411 | J2: 1.4 | K2: =SQRT(J2^2+I2^2) -> 1.4125444 | L2: 490 | M2: 3.83 | N2: 529 | P2: 15.3 | Q2: 14.488989 | R2: 115000 | S2: 12.737948 | T2: 15.854749 | U2: 18.501946
E3: 538 | F3: 111224 | G3: 1600 | L3: 495 | M3: 3.85 | N3: 534 | P3: 13.2 | Q3: 12.388989 | R3: 115100 | S3: 12.872379 | T3: 15.878616 | U3: 18.532514
E4: 578 | F4: 127212 | G4: 1427 | L4: 500 | M4: 3.52 | N4: 538 | P4: 14.05 | Q4: 13.238989 | R4: 115200 | S4: 12.922402 | T4: 15.904938 | U4: 18.583051
E5: 590 | F5: 132130 | G5: 1361 | L5: 506 | M5: 3.56 | N5: 542 | P5: 16.9 | Q5: 16.088989 | R5: 115300 | S5: 13.022187 | T5: 15.926834 | U5: 18.632513
E6: 655 | F6: 136379 | G6: 1304 | L6: 510 | M6: 3.59 | N6: 546 | P6: 16.85 | Q6: 16.038989 | R6: 115400 | S6: 13.035617 | T6: 15.928322 | U6: 18.58782
L7: 514 | M7: 3.71 | N7: 550 | P7: 15.35 | Q7: 14.538989 | R7: 115500 | S7: 13.132087 | T7: 15.950191 | U7: 18.642726
L8: 518 | M8: 3.89 | N8: 554 | P8: 17.95 | Q8: 17.138989 | R8: 115600 | S8: 13.209711 | T8: 15.94422 | U8: 18.638233
L9: 522 | M9: 3.84 | N9: 558 | P9: 16.7 | Q9: 15.888989 | R9: 115700 | S9: 13.254633 | T9: 15.966022 | U9: 18.611961
L10: 526 | M10: 3.89 | N10: 562 | P10: 18.5 | Q10: 17.688989 | R10: 115800 | S10: 13.312288 | T10: 15.952352 | U10: 18.677097
L11: 530 | M11: 3.96 | N11: 566 | P11: 17.55 | Q11: 16.738989 | R11: 115900 | S11: 13.26464 | T11: 15.976219 | U11: 18.706714
L12: 534 | M12: 4 | N12: 570 | P12: 18.25 | Q12: 17.438989 | R12: 116000 | S12: 13.231032 | T12: 16.005952 | U12: 18.770025
L13: 538 | M13: 4.03 | N13: 574 | P13: 18.05 | Q13: 17.238989 | R13: 116100 | S13: 13.171197 | T13: 16.0069 | U13: 18.828151
L14: 542 | M14: 3.99 | N14: 578 | P14: 18.6 | Q14: 17.788989 | R14: 116200 | S14: 13.156219 | T14: 16.041339 | U14: 18.833309
L15: 546 | M15: 3.74 | N15: 582 | P15: 16.7 | Q15: 15.888989 | R15: 116300 | S15: 13.196991 | T15: 16.077298 | U15: 18.850582
L16: 550 | M16: 3.55 | N16: 586 | P16: 14.35 | Q16: 13.538989 | R16: 116400 | S16: 13.223714 | T16: 16.064146 | U16: 18.836675
L17: 554 | M17: 3.7 | N17: 590 | P17: 12.1 | Q17: 11.288989 | R17: 116500 | S17: 13.277858 | T17: 16.081153 | U17: 18.879419
L18: 558 | M18: 3.66 | N18: 594 | P18: 12.1 | Q18: 11.288989 | R18: 116600 | S18: 13.306303 | T18: 16.123922 | U18: 18.826667
... L26: 590 | M26: 4.59 | N26: 640 | P26: 15.3 | Q26: 14.488989 | R26: 117400 | S26: 13.475103 | T26: 16.333252 | U26: 19.140181
L27: 594 | M27: 4.49 | R27: 117500 | S27: 13.511924 | T27: 16.345748 | U27: 19.108102
L28: 598 | M28: 4.74 | R28: 117600 | S28: 13.584992 | T28: 16.379031 | U28: 19.196512
L29: 600 | M29: 4.69 | R29: 117700 | S29: 13.569979 | T29: 16.435295 | U29: 19.167931
L30: 606 | M30: 4.65 | R30: 117800 | S30: 13.567691 | T30: 16.472913 | U30: 19.169104
L31: 614 | M31: 4.67 | R31: 117900 | S31: 13.656945 | T31: 16.496762 | U31: 19.20006
L32: 618 | M32: 4.96 | R32: 118000 | S32: 13.716507 | T32: 16.51736 | U32: 19.167899
L33: 635 | M33: 5.08 | R33: 118100 | S33: 13.734406 | T33: 16.538977 | U33: 19.247598
L34: 640 | M34: 5.19 | R34: 118200 | S34: 13.744977 | T34: 16.555348 | U34: 19.248869
L35: 645 | M35: 5.22 | R35: 118300 | S35: 13.749618 | T35: 16.571594 | U35: 19.213158
L36: 650 | M36: 5.17 | R36: 118400 | S36: 13.77882 | T36: 16.613812 | U36: 19.346907
L37: 655 | M37: 5.42 | R37: 118500 | S37: 13.823118 | T37: 16.633987 | U37: 19.404579
L38: 661 | M38: 4.99 | R38: 118600 | S38: 13.823992 | T38: 16.684391 | U38: 19.336278
R39: 118700 | S39: 13.734176 | T39: 16.685992 | U39: 19.408783
R40: 118800 | S40: 13.836972 | T40: 16.711893 | U40: 19.349383
R41: 118900 | S41: 13.884727 | T41: 16.730489 | U41: 19.470615
R42: 119000 | S42: 13.929056 | T42: 16.714595 | U42: 19.500233
R43: 119100 | S43: 14.024919 | T43: 16.717369 | U43: 19.490149
R44: 119200 | S44: 14.046603 | T44: 16.730303 | U44: 19.517455
R45: 119300 | S45: 14.065861 | T45: 16.743664 | U45: 19.528621
R46: 119400 | S46: 14.04708 | T46: 16.752718 | U46: 19.427475
R47: 119500 | S47: 14.033874 | T47: 16.772957 | U47: 19.506958
R48: 119600 | S48: 13.976054 | T48: 16.806911 | U48: 19.555904
R49: 119700 | S49: 14.039334 | T49: 16.82125 | U49: 19.606582
R50: 119800 | S50: 13.994017 | T50: 16.862243 | U50: 19.643556
... R152: 130000 | S152: 10.28907 | T152: 14.245502 | U152: 17.951204

Sheet MD95-2040_UK37
A1: ID | B1: Longitude | C1: Latitude | D1: Proxy | E1: Tie Point Depth (cm) | F1: Tie Point Age (yr) | G1: Tie Point Uncertainty (yr) | H1: Hadley Bias Correction | I1: Hadley uncertainty | J1: TF Uncertainty | K1: SS Uncertainty | L1: Benthic d18O Depth (cm) | M1: Benthic d18O (per mil) | N1: Depth (cm) | O1: Proxy Value | P1: SST (ºC) | Q1: Biascorr | R1: Age (yr) | S1: SST -2sd | T1: SST mean | U1: SST +2sd
A2: MD95-2040 | B2: -9.86 | C2: 40.58 | D2: UK37 | E2: 1408 | F2: 108915 | G2: 1517 | L2: 1397 | M2: 3.85 | N2: 1410 | O2: 0.619 | R2: 115000 | S2: 15.481905 | T2: 17.186367 | U2: 19.83167
E3: 1481 | F3: 111246 | G3: 1600 | L3: 1409 | M3: 3.83 | N3: 1420 | O3: 0.619 | R3: 115100 | S3: 15.571597 | T3: 17.192685 | U3: 19.875771
E4: 1541 | F4: 127215 | G4: 1427 | L4: 1421 | M4: 3.89 | N4: 1430 | O4: 0.592 | R4: 115200 | S4: 15.700174 | T4: 17.199941 | U4: 19.987267
E5: 1574 | F5: 136361 | G5: 1304 | L5: 1433 | M5: 4.01 | N5: 1440 | O5: 0.652 | R5: 115300 | S5: 15.768003 | T5: 17.213832 | U5: 20.190572
E6: 1598 | F6: 139392 | G6: 1333 | L6: 1445 | M6: 3.98 | N6: 1450 | O6: 0.61 | R6: 115400 | S6: 15.758269 | T6: 17.219718 | U6: 20.247213
L7: 1466 | M7: 4.18 | N7: 1460 | O7: 0.515 | R7: 115500 | S7: 15.810699 | T7: 17.235966 | U7: 20.254923
L8: 1481 | M8: 4.18 | N8: 1470 | O8: 0.448 | R8: 115600 | S8: 15.903046 | T8: 17.245391 | U8: 20.304152
L9: 1496 | M9: 3.67 | N9: 1475 | O9: 0.561 | R9: 115700 | S9: 15.903789 | T9: 17.265614 | U9: 20.415066
L10: 1502 | M10: 3.67 | N10: 1480 | O10: 0.613 | R10: 115800 | S10: 15.928264 | T10: 17.278391 | U10: 20.447888
L11: 1505 | M11: 3.33 | N11: 1485 | O11: 0.605 | R11: 115900 | S11: 15.950145 | T11: 17.292515 | U11: 20.446695
L12: 1511 | M12: 4.08 | N12: 1490 | O12: 0.613 | R12: 116000 | S12: 15.972254 | T12: 17.291502 | U12: 20.47123
L13: 1514 | M13: 3.91 | N13: 1500 | O13: 0.611 | R13: 116100 | S13: 15.99468 | T13: 17.309638 | U13: 20.487146
L14: 1517 | M14: 3.93 | N14: 1505 | O14: 0.631 | R14: 116200 | S14: 16.030053 | T14: 17.317404 | U14: 20.488598
L15: 1520 | M15: 3.46 | N15: 1510 | O15: 0.637 | R15: 116300 | S15: 16.040831 | T15: 17.325639 | U15: 20.502899
L16: 1523 | M16: 4.4 | N16: 1515 | O16: 0.679 | R16: 116400 | S16: 16.071691 | T16: 17.340779 | U16: 20.567586
L17: 1526 | M17: 3.03 | N17: 1520 | O17: 0.726 | R17: 116500 | S17: 16.06394 | T17: 17.351762 | U17: 20.609111
L18: 1529 | M18: 3.22 | N18: 1530 | O18: 0.723 | R18: 116600 | S18: 16.067709 | T18: 17.362916 | U18: 20.599378
... L27: 1583 | M27: 5.32 | N27: 1620 | O27: 0.513 | R27: 117500 | S27: 16.159615 | T27: 17.523756 | U27: 20.917438
L28: 1586 | M28: 5.08 | R28: 117600 | S28: 16.18355 | T28: 17.548386 | U28: 20.90962
L29: 1589 | M29: 5.05 | R29: 117700 | S29: 16.186304 | T29: 17.571167 | U29: 20.921485
L30: 1592 | M30: 5.25 | R30: 117800 | S30: 16.208168 | T30: 17.601971 | U30: 20.930949
L31: 1595 | M31: 5.29 | R31: 117900 | S31: 16.213191 | T31: 17.626334 | U31: 20.924483
L32: 1598 | M32: 5.37 | R32: 118000 | S32: 16.218264 | T32: 17.649645 | U32: 20.947665
L33: 1610 | M33: 5.25 | R33: 118100 | S33: 16.237426 | T33: 17.669646 | U33: 20.948587
L34: 1625 | M34: 4.73 | R34: 118200 | S34: 16.233905 | T34: 17.710013 | U34: 20.966784
L35: 1628 | M35: 4.11 | R35: 118300 | S35: 16.286048 | T35: 17.731003 | U35: 21.010083
L36: 1631 | M36: 4.26 | R36: 118400 | S36: 16.284829 | T36: 17.749991 | U36: 21.034813
L37: 1640 | M37: 5.04 | R37: 118500 | S37: 16.290503 | T37: 17.775277 | U37: 21.08512
L38: 1646 | M38: 5.32 | R38: 118600 | S38: 16.277918 | T38: 17.807405 | U38: 21.075408
L39: 1649 | M39: 5.13 | R39: 118700 | S39: 16.307251 | T39: 17.842785 | U39: 21.09418
... L55: 1715 | M55: 4.47 | R55: 120300 | S55: 16.503021 | T55: 18.591637 | U55: 21.475934
R56: 120400 | S56: 16.484621 | T56: 18.642449 | U56: 21.490358
R57: 120500 | S57: 16.474525 | T57: 18.710332 | U57: 21.533356
R58: 120600 | S58: 16.468162 | T58: 18.769439 | U58: 21.517563
R59: 120700 | S59: 16.46835 | T59: 18.862209 | U59: 21.531627
R60: 120800 | S60: 16.46317 | T60: 18.925936 | U60: 21.523948
R61: 120900 | S61: 16.456029 | T61: 19.019698 | U61: 21.518598
R62: 121000 | S62: 16.467916 | T62: 19.092271 | U62: 21.537856
R63: 121100 | S63: 16.490967 | T63: 19.162978 | U63: 21.538806
R64: 121200 | S64: 16.511411 | T64: 19.254655 | U64: 21.558949
R65: 121300 | S65: 16.517247 | T65: 19.343807 | U65: 21.528052
R66: 121400 | S66: 16.517616 | T66: 19.424706 | U66: 21.54541
R67: 121500 | S67: 16.518657 | T67: 19.494661 | U67: 21.557141
... R152: 130000 | S152: 10.371976 | T152: 11.661535 | U152: 15.429421

Sheet MD95-2040_Foram
A1: ID | B1: Longitude | C1: Latitude | D1: Proxy | E1: Tie Point Depth (cm) | F1: Tie Point Age (yr) | G1: Tie Point Uncertainty (yr) | H1: Hadley Bias Correction | I1: Hadley uncertainty | J1: TF Uncertainty | K1: SS Uncertainty | L1: Benthic d18O Depth (cm) | M1: Benthic d18O (per mil) | N1: Depth (cm) | O1: Proxy Value | P1: SST (ºC) | Q1: Biascorr | R1: Age (yr) | S1: SST -2sd | T1: SST mean | U1: SST +2sd
A2: MD95-2040 | B2: -9.86 | C2: 40.58 | D2: Foram | E2: 1408 | F2: 108915 | G2: 1517 | L2: 1397 | M2: 3.85 | N2: 1400 | P2: 14.4 | R2: 115000 | S2: 11.607555 | T2: 16.328936 | U2: 19.652147
E3: 1481 | F3: 111246 | G3: 1600 | L3: 1409 | M3: 3.83 | N3: 1403 | P3: 14.3 | R3: 115100 | S3: 11.546132 | T3: 16.419955 | U3: 19.777226
E4: 1541 | F4: 127215 | G4: 1427 | L4: 1421 | M4: 3.89 | N4: 1406 | P4: 14.6 | R4: 115200 | S4: 11.568281 | T4: 16.485351 | U4: 19.808917
E5: 1574 | F5: 136361 | G5: 1304 | L5: 1433 | M5: 4.01 | N5: 1409 | P5: 14.6 | R5: 115300 | S5: 11.621012 | T5: 16.573877 | U5: 19.836938
E6: 1598 | F6: 139392 | G6: 1333 | L6: 1445 | M6: 3.98 | N6: 1412 | P6: 15.4 | R6: 115400 | S6: 11.755225 | T6: 16.619001 | U6: 19.987157
L7: 1466 | M7: 4.18 | N7: 1415 | P7: 18.7 | R7: 115500 | S7: 11.834931 | T7: 16.673427 | U7: 19.997603
L8: 1481 | M8: 4.18 | N8: 1418 | P8: 18.3 | R8: 115600 | S8: 11.875908 | T8: 16.768089 | U8: 19.968172
L9: 1496 | M9: 3.67 | N9: 1421 | P9: 17.7 | R9: 115700 | S9: 11.96764 | T9: 16.823723 | U9: 20.026833
L10: 1502 | M10: 3.67 | N10: 1424 | P10: 15.9 | R10: 115800 | S10: 12.073945 | T10: 16.857521 | U10: 20.151853
L11: 1505 | M11: 3.33 | N11: 1427 | P11: 17.6 | R11: 115900 | S11: 12.243356 | T11: 16.897871 | U11: 20.182882
L12: 1511 | M12: 4.08 | N12: 1430 | P12: 17.7 | R12: 116000 | S12: 12.298962 | T12: 16.945096 | U12: 20.176183
L13: 1514 | M13: 3.91 | N13: 1433 | P13: 18.1 | R13: 116100 | S13: 12.344929 | T13: 16.973001 | U13: 20.224702
L14: 1517 | M14: 3.93 | N14: 1436 | P14: 15.4 | R14: 116200 | S14: 12.385062 | T14: 17.045277 | U14: 20.240917
L15: 1520 | M15: 3.46 | N15: 1439 | P15: 17.5 | R15: 116300 | S15: 12.462211 | T15: 17.085904 | U15: 20.419617
L16: 1523 | M16: 4.4 | N16: 1442 | P16: 17.7 | R16: 116400 | S16: 12.485764 | T16: 17.154514 | U16: 20.451231
L17: 1526 | M17: 3.03 | N17: 1445 | P17: 17.9 | R17: 116500 | S17: 12.551188 | T17: 17.14909 | U17: 20.38478
L18: 1529 | M18: 3.22 | N18: 1448 | P18: 17.2 | R18: 116600 | S18: 12.660059 | T18: 17.136649 | U18: 20.449097
... L55: 1715 | M55: 4.47 | N55: 1559 | P55: 11.5 | R55: 120300 | S55: 15.001208 | T55: 18.018802 | U55: 20.721002
N56: 1562 | P56: 15.2 | R56: 120400 | S56: 15.111438 | T56: 18.001283 | U56: 20.762423
N57: 1565 | P57: 16.6 | R57: 120500 | S57: 15.029192 | T57: 18.025026 | U57: 20.688055
N58: 1568 | P58: 11.5 | R58: 120600 | S58: 15.061475 | T58: 18.053846 | U58: 20.602856
N59: 1571 | P59: 15.8 | R59: 120700 | S59: 15.196941 | T59: 18.086594 | U59: 20.732319
N60: 1574 | P60: 13.9 | R60: 120800 | S60: 15.240902 | T60: 18.123708 | U60: 20.752142
N61: 1577 | P61: 14.3 | R61: 120900 | S61: 15.240631 | T61: 18.10336 | U61: 20.749524
N62: 1580 | P62: 13.8 | R62: 121000 | S62: 15.233994 | T62: 18.135705 | U62: 20.791495
N63: 1583 | P63: 15.4 | R63: 121100 | S63: 15.259186 | T63: 18.19334 | U63: 20.679046
N64: 1586 | P64: 16.2 | R64: 121200 | S64: 15.326144 | T64: 18.218777 | U64: 20.697683
N65: 1589 | P65: 14.4 | R65: 121300 | S65: 15.322587 | T65: 18.238622 | U65: 20.682067
N66: 1592 | P66: 15.4 | R66: 121400 | S66: 15.204987 | T66: 18.247511 | U66: 20.6617
N67: 1595 | P67: 14.1 | R67: 121500 | S67: 15.216681 | T67: 18.211373 | U67: 20.587126
... N102: 1700 | P102: 15.7 | R102: 125000 | S102: 8.9598497 | T102: 17.900447 | U102: 20.724273
R103: 125100 | S103: 8.8296933 | T103: 17.845461 | U103: 20.794891
R104: 125200 | S104: 8.5936101 | T104: 17.785247 | U104: 20.720072
R105: 125300 | S105: 8.4228281 | T105: 17.751989 | U105: 20.739453
R106: 125400 | S106: 8.2295212 | T106: 17.698631 | U106: 20.709677
R107: 125500 | S107: 8.1324687 | T107: 17.651261 | U107: 20.719214
R108: 125600 | S108: 8.0084363 | T108: 17.627186 | U108: 20.691831
R109: 125700 | S109: 7.7411775 | T109: 17.508945 | U109: 20.702488
R110: 125800 | S110: 7.7400361 | T110: 17.412312 | U110: 20.692508
R111: 125900 | S111: 7.8326154 | T111: 17.313223 | U111: 20.591373
R112: 126000 | S112: 7.7512856 | T112: 17.191967 | U112: 20.510401
R113: 126100 | S113: 7.7468355 | T113: 17.038249 | U113: 20.542836
R114: 126200 | S114: 7.5576778 | T114: 16.887728 | U114: 20.395013
... R152: 130000 | S152: 6.7666364 | T152: 10.60682 | U152: 17.402592

Sheet SU90-03
A1: ID | B1: Longitude | C1: Latitude | D1: Proxy | E1: Tie Point Depth (cm) | F1: Tie Point Age (yr) | G1: Tie Point Uncertainty (yr) | H1: Hadley Bias Correction | I1: Hadley uncertainty | J1: TF Uncertainty | K1: SS Uncertainty | L1: Benthic d18O Depth (cm) | M1: Benthic d18O (per mil) | N1: Depth (cm) | O1: Proxy Value | P1: SST (ºC) | Q1: Biascorr | R1: Age (yr) | S1: SST -2sd | T1: SST mean | U1: SST +2sd
A2: SU90-03 | B2: -32.05 | C2: 40.5 | D2: Foram | E2: 403 | F2: 105371 | G2: 1233 | L2: 400 | M2: 3.67 | N2: 400 | P2: 20 | R2: 115000 | S2: 17.588541 | T2: 21.124312 | U2: 24.694272
E3: 421 | F3: 111202 | G3: 1600 | L3: 402 | M3: 3.72 | N3: 402 | P3: 20.3 | R3: 115100 | S3: 17.702998 | T3: 21.169044 | U3: 24.638243
E4: 458 | F4: 127190 | G4: 1427 | L4: 403 | M4: 4.41 | N4: 403 | P4: 18.8 | R4: 115200 | S4: 17.617671 | T4: 21.175885 | U4: 24.520197
E5: 489 | F5: 136383 | G5: 1304 | L5: 406 | M5: 3.82 | N5: 406 | P5: 20.8 | R5: 115300 | S5: 17.569631 | T5: 21.225323 | U5: 24.498414
L6: 408 | M6: 3.79 | N6: 408 | P6: 20.3 | R6: 115400 | S6: 17.798425 | T6: 21.248237 | U6: 24.505957
L7: 410 | M7: 3.945 | N7: 410 | P7: 21.1 | R7: 115500 | S7: 17.773485 | T7: 21.237164 | U7: 24.660364
L8: 413 | M8: 3.74 | N8: 413 | P8: 19.6 | R8: 115600 | S8: 17.722995 | T8: 21.300696 | U8: 24.691447
L9: 415 | M9: 3.86 | N9: 415 | P9: 19.8 | R9: 115700 | S9: 17.735645 | T9: 21.313873 | U9: 24.729881
L10: 416 | M10: 4.17 | N10: 416 | P10: 17.7 | R10: 115800 | S10: 17.626445 | T10: 21.331203 | U10: 24.767276
L11: 419 | M11: 4.26 | N11: 417 | P11: 18.5 | R11: 115900 | S11: 17.714769 | T11: 21.354566 | U11: 24.837646
L12: 421 | M12: 4.31 | N12: 419 | P12: 18.8 | R12: 116000 | S12: 17.774366 | T12: 21.379895 | U12: 24.883234
L13: 424 | M13: 4.2 | N13: 421 | P13: 18.1 | R13: 116100 | S13: 17.949006 | T13: 21.422489 | U13: 24.968343
L14: 428 | M14: 4.17 | N14: 423 | P14: 21.4 | R14: 116200 | S14: 18.017305 | T14: 21.438797 | U14: 24.961994
L15: 432 | M15: 4.02 | N15: 424 | P15: 20.3 | R15: 116300 | S15: 18.023071 | T15: 21.473646 | U15: 24.999361
L16: 434 | M16: 3.62 | N16: 426 | P16: 20.7 | R16: 116400 | S16: 18.194209 | T16: 21.504259 | U16: 24.879923
L17: 436 | M17: 3.64 | N17: 428 | P17: 20.9 | R17: 116500 | S17: 18.138055 | T17: 21.487637 | U17: 25.029541
L18: 437 | M18: 3.45 | N18: 429 | P18: 21.9 | R18: 116600 | S18: 18.111197 | T18: 21.524719 | U18: 25.072821
... L58: 495 | M58: 5.14 | N58: 477 | P58: 16.3 | R58: 120600 | S58: 18.53366 | T58: 21.9916 | U58: 25.346788
N59: 478 | P59: 14.8 | R59: 120700 | S59: 18.494457 | T59: 22.04404 | U59: 25.449777
N60: 479 | P60: 17.7 | R60: 120800 | S60: 18.556153 | T60: 22.063807 | U60: 25.58154
N61: 480 | P61: 16.4 | R61: 120900 | S61: 18.663177 | T61: 22.093135 | U61: 25.577154
N62: 481 | P62: 11.9 | R62: 121000 | S62: 18.686803 | T62: 22.109996 | U62: 25.477642
N63: 482 | P63: 17.5 | R63: 121100 | S63: 18.717907 | T63: 22.109262 | U63: 25.463723
N64: 483 | P64: 18.7 | R64: 121200 | S64: 18.677668 | T64: 22.153634 | U64: 25.50397
N65: 484 | P65: 17.2 | R65: 121300 | S65: 18.697847 | T65: 22.236218 | U65: 25.592511
N66: 485 | P66: 19.2 | R66: 121400 | S66: 18.784148 | T66: 22.271384 | U66: 25.66048
N67: 486 | P67: 17.7 | R67: 121500 | S67: 18.949456 | T67: 22.251917 | U67: 25.720771
N68: 487 | P68: 15.2 | R68: 121600 | S68: 18.916277 | T68: 22.269317 | U68: 25.866271
N69: 488 | P69: 17.7 | R69: 121700 | S69: 18.907154 | T69: 22.245817 | U69: 25.920695
N70: 490 | P70: 18.9 | R70: 121800 | S70: 18.992607 | T70: 22.327921 | U70: 25.803268
... N72: 495 | P72: 20.2 | R72: 122000 | S72: 19.010375 | T72: 22.367587 | U72: 25.611246
R73: 122100 | S73: 18.9656 | T73: 22.404907 | U73: 25.656567
R74: 122200 | S74: 18.818745 | T74: 22.416654 | U74: 25.740105
R75: 122300 | S75: 18.944576 | T75: 22.455565 | U75: 25.774541
R76: 122400 | S76: 18.978028 | T76: 22.466807 | U76: 25.772061
R77: 122500 | S77: 18.97991 | T77: 22.449431 | U77: 25.906911
R78: 122600 | S78: 19.052951 | T78: 22.422543 | U78: 25.954481
R79: 122700 | S79: 19.139299 | T79: 22.467226 | U79: 25.922138
R80: 122800 | S80: 19.261744 | T80: 22.443957 | U80: 25.953504
R81: 122900 | S81: 19.146055 | T81: 22.485746 | U81: 25.82744
R82: 123000 | S82: 19.166093 | T82: 22.56169 | U82: 25.961259
R83: 123100 | S83: 19.035455 | T83: 22.600687 | U83: 26.097744
R84: 123200 | S84: 18.988985 | T84: 22.632368 | U84: 26.094451
... R152: 130000 | S152: 13.25786 | T152: 17.965683 | U152: 22.80224

Sheet MD01-2444_UK37
A1: ID | B1: Longitude | C1: Latitude | D1: Proxy | E1: Tie Point Depth (cm) | F1: Tie Point Age (yr) | G1: Tie Point Uncertainty (yr) | H1: Hadley Bias Correction | I1: Hadley uncertainty | J1: TF Uncertainty | K1: SS Uncertainty | L1: Benthic d18O Depth (cm) | M1: Benthic d18O (per mil) | N1: Depth (cm) | O1: Proxy Value | P1: SST (ºC) | Q1: Biascorr | R1: Age (yr) | S1: SST -2sd | T1: SST mean | U1: SST +2sd
A2: MD01-2444 | B2: -10.13 | C2: 37.57 | D2: UK37 | E2: 1917 | F2: 106074 | G2: 1204 | L2: 1907.6 | M2: 3.38 | N2: 1902 | P2: 15.07 | R2: 115000 | S2: 15.586233 | T2: 17.639081 | U2: 19.910545
E3: 1969 | F3: 111361 | G3: 1600 | L3: 1912.1 | M3: 3.51 | N3: 1905 | P3: 14.66 | R3: 115100 | S3: 15.628504 | T3: 17.659289 | U3: 19.918293
E4: 2145 | F4: 129726 | G4: 1400 | L4: 1916.5 | M4: 3.45 | N4: 1908 | P4: 14.98 | R4: 115200 | S4: 15.684007 | T4: 17.698921 | U4: 19.921652
E5: 2201 | F5: 136090 | G5: 1301 | L5: 1920.9 | M5: 3.29 | N5: 1911 | P5: 15.31 | R5: 115300 | S5: 15.730213 | T5: 17.748171 | U5: 19.901675
L6: 1923.1 | M6: 3.35 | N6: 1914 | P6: 15.54 | R6: 115400 | S6: 15.722804 | T6: 17.77936 | U6: 19.945952
L7: 1925.3 | M7: 3.36 | N7: 1917 | P7: 15.77 | R7: 115500 | S7: 15.834281 | T7: 17.804696 | U7: 20.065756
L8: 1929.7 | M8: 3.33 | N8: 1920 | P8: 18.17 | R8: 115600 | S8: 15.819503 | T8: 17.859098 | U8: 20.003147
L9: 1934.1 | M9: 3.37 | N9: 1923 | P9: 17.66 | R9: 115700 | S9: 15.829375 | T9: 17.866603 | U9: 20.091125
L10: 1938.5 | M10: 3.25 | N10: 1926 | P10: 18.76 | R10: 115800 | S10: 15.87386 | T10: 17.870705 | U10: 20.266539
L11: 1942.9 | M11: 3.2 | N11: 1929 | P11: 18.3 | R11: 115900 | S11: 15.920886 | T11: 17.903839 | U11: 20.315586
L12: 1947.3 | M12: 3.21 | N12: 1932 | P12: 17.19 | R12: 116000 | S12: 15.94386 | T12: 17.89165 | U12: 20.313733
L13: 1951.7 | M13: 3.47 | N13: 1935 | P13: 17.81 | R13: 116100 | S13: 16.040649 | T13: 17.903091 | U13: 20.302237
L14: 1960.4 | M14: 3.58 | N14: 1938 | P14: 18.09 | R14: 116200 | S14: 16.065086 | T14: 17.953235 | U14: 20.36032
L15: 1964.5 | M15: 3.61 | N15: 1941 | P15: 18.04 | R15: 116300 | S15: 16.084453 | T15: 17.996578 | U15: 20.336716
L16: 1968.6 | M16: 3.62 | N16: 1944 | P16: 17.4 | R16: 116400 | S16: 16.084324 | T16: 18.047105 | U16: 20.252658
L17: 1972.7 | M17: 3.45 | N17: 1947 | P17: 17.63 | R17: 116500 | S17: 16.03308 | T17: 18.069521 | U17: 20.235277
... L21: 1989.1 | M21: 3.46 | N21: 1959 | P21: 13.96 | R21: 116900 | S21: 16.102285 | T21: 18.127983 | U21: 20.431002
L22: 1993.2 | M22: 3.39 | N22: 1960 | R22: 117000 | S22: 16.191178 | T22: 18.166998 | U22: 20.438801
L23: 1997.3 | M23: 3.3 | N23: 1962 | P23: 14.25 | R23: 117100 | S23: 16.163154 | T23: 18.180669 | U23: 20.535475
L24: 2001.4 | M24: 3.32 | N24: 1965 | P24: 15.95 | R24: 117200 | S24: 16.232751 | T24: 18.218724 | U24: 20.550404
L25: 2005.5 | M25: 3.25 | N25: 1968 | P25: 14.84 | R25: 117300 | S25: 16.252585 | T25: 18.212034 | U25: 20.598535
L26: 2009.6 | M26: 3.18 | N26: 1971 | P26: 16.97 | R26: 117400 | S26: 16.23759 | T26: 18.25735 | U26: 20.641824
L27: 2013.7 | M27: 3.15 | N27: 1974 | P27: 17 | R27: 117500 | S27: 16.263165 | T27: 18.282891 | U27: 20.521044
L28: 2017.8 | M28: 3.14 | N28: 1977 | P28: 17.09 | R28: 117600 | S28: 16.271052 | T28: 18.320787 | U28: 20.550258
L29: 2021.9 | M29: 3.27 | N29: 1980 | P29: 17.06 | R29: 117700 | S29: 16.346662 | T29: 18.348743 | U29: 20.603549
L30: 2026 | M30: 3.05 | N30: 1983 | P30: 17.22 | R30: 117800 | S30: 16.452639 | T30: 18.366835 | U30: 20.719123
L31: 2030.1 | M31: 3.05 | N31: 1986 | P31: 17.26 | R31: 117900 | S31: 16.437378 | T31: 18.385356 | U31: 20.696862
L32: 2034.2 | M32: 3.05 | N32: 1989 | P32: 17.32 | R32: 118000 | S32: 16.393904 | T32: 18.430299 | U32: 20.754772
L33: 2037.3 | M33: 3.07 | N33: 1992 | P33: 17.43 | R33: 118100 | S33: 16.392975 | T33: 18.460734 | U33: 20.802028
L34: 2042.4 | M34: 2.72 | N34: 1995 | P34: 17.68 | R34: 118200 | S34: 16.51218 | T34: 18.485584 | U34: 20.86046
... L87: 2220 | M87: 4.37 | N87: 2154 | P87: 13.79 | R87: 123500 | S87: 17.624947 | T87: 20.046927 | U87: 21.910066
L88: 2223 | M88: 4.27 | N88: 2157 | R88: 123600 | S88: 17.78145 | T88: 20.061959 | U88: 21.893545
L89: 2226 | M89: 4.29 | N89: 2160 | P89: 13.47 | R89: 123700 | S89: 17.788687 | T89: 20.078025 | U89: 21.872696
L90: 2229 | M90: 4.3 | N90: 2163 | P90: 12.46 | R90: 123800 | S90: 17.79047 | T90: 20.104046 | U90: 21.853427
L91: 2235 | M91: 4.46 | N91: 2166 | P91: 15.15 | R91: 123900 | S91: 17.78421 | T91: 20.117571 | U91: 21.893567
L92: 2238 | M92: 4.35 | N92: 2169 | P92: 10.98 | R92: 124000 | S92: 17.760262 | T92: 20.158768 | U92: 21.93063
L93: 2244 | M93: 4.4 | N93: 2172 | P93: 11.18 | R93: 124100 | S93: 17.896111 | T93: 20.169738 | U93: 21.992257
L94: 2247 | M94: 4.44 | N94: 2175 | P94: 10.95 | R94: 124200 | S94: 17.904102 | T94: 20.182773 | U94: 21.976749
L95: 2256 | M95: 4.2 | N95: 2178 | P95: 12.46 | R95: 124300 | S95: 17.868795 | T95: 20.19876 | U95: 22.007587
L96: 2262 | M96: 4.37 | N96: 2181 | P96: 13.85 | R96: 124400 | S96: 17.769085 | T96: 20.191945 | U96: 21.99694
L97: 2265 | M97: 4.19 | N97: 2184 | P97: 13.99 | R97: 124500 | S97: 17.868778 | T97: 20.215603 | U97: 22.00746
L98: 2271 | M98: 4.37 | N98: 2187 | P98: 12.93 | R98: 124600 | S98: 17.880588 | T98: 20.211224 | U98: 21.999851
L99: 2274 | M99: 4.33 | N99: 2190 | P99: 12.27 | R99: 124700 | S99: 17.925716 | T99: 20.216927 | U99: 21.928625
L100: 2280 | M100: 4.27 | N100: 2193 | P100: 11.67 | R100: 124800 | S100: 17.846967 | T100: 20.201335 | U100: 22.052107
... L103: 2298 | M103: 4.35 | N103: 2202 | P103: 13.71 | R103: 125100 | S103: 17.92235 | T103: 20.294601 | U103: 22.060287
N104: 2205 | P104: 14.33 | R104: 125200 | S104: 18.019011 | T104: 20.292034 | U104: 22.062423
N105: 2208 | P105: 14.61 | R105: 125300 | S105: 18.063142 | T105: 20.263498 | U105: 22.020038
N106: 2211 | P106: 14.48 | R106: 125400 | S106: 18.046912 | T106: 20.269136 | U106: 21.943458
N107: 2214 | P107: 14.52 | R107: 125500 | S107: 17.953202 | T107: 20.260937 | U107: 21.960097
N108: 2217 | P108: 14.65 | R108: 125600 | S108: 17.840332 | T108: 20.271736 | U108: 21.956445
N109: 2220 | P109: 14.34 | R109: 125700 | S109: 17.967551 | T109: 20.254549 | U109: 21.955831
N110: 2223 | P110: 14.54 | R110: 125800 | S110: 17.876789 | T110: 20.219681 | U110: 21.935236
N111: 2226 | P111: 14.54 | R111: 125900 | S111: 17.79716 | T111: 20.223298 | U111: 21.894513
N112: 2229 | P112: 15.19 | R112: 126000 | S112: 17.563363 | T112: 20.25764 | U112: 21.914408
N113: 2232 | P113: 15.18 | R113: 126100 | S113: 17.453026 | T113: 20.233082 | U113: 21.930866
N114: 2235 | P114: 14.74 | R114: 126200 | S114: 17.399325 | T114: 20.221187 | U114: 21.994013
N115: 2238 | P115: 14.62 | R115: 126300 | S115: 17.384528 | T115: 20.22159 | U115: 21.985033
... N152: 2349 | P152: 9.36 | R152: 130000 | S152: 11.544331 | T152: 14.742154 | U152: 21.185875
N153: 2352 | P153: 14
N154: 2355 | P154: 13.85

Sheet MD01-2444_MgCa
A1: ID | B1: Longitude | C1: Latitude | D1: Proxy | E1: Tie Point Depth (cm) | F1: Tie Point Age (yr) | G1: Tie Point Uncertainty (yr) | H1: Hadley Bias Correction | I1: Hadley uncertainty | J1: TF Uncertainty | K1: SS Uncertainty | L1: Benthic d18O Depth (cm) | M1: Benthic d18O (per mil) | N1: Depth (cm) | O1: Proxy Value | P1: SST (ºC) | Q1: Biascorr | R1: Age (yr) | S1: SST -2sd | T1: SST mean | U1: SST +2sd
A2: MD01-2444 | B2: -10.13 | C2: 37.57 | D2: MgCa | E2: 1917 | F2: 106074 | G2: 1204 | L2: 1907.6 | M2: 3.38 | N2: 2046 | P2: 15.18092 | R2: 115000 | S2: 18.9734 | T2: 20.997231 | U2: 23.477495
E3: 1969 | F3: 111361 | G3: 1600 | L3: 1912.1 | M3: 3.51 | N3: 2049 | P3: 15.048107 | R3: 115100 | S3: 18.846464 | T3: 21.151466 | U3: 23.316725
E4: 2145 | F4: 129726 | G4: 1400 | L4: 1916.5 | M4: 3.45 | N4: 2052 | P4: 15.459427 | R4: 115200 | S4: 19.168781 | T4: 21.203377 | U4: 23.766111
E5: 2201 | F5: 136090 | G5: 1301 | L5: 1920.9 | M5: 3.29 | N5: 2055 | P5: 16.288049 | R5: 115300 | S5: 18.972858 | T5: 21.177685 | U5: 23.59882
L6: 1923.1 | M6: 3.35 | N6: 2058 | P6: 15.024268 | R6: 115400 | S6: 18.843917 | T6: 21.164187 | U6: 23.369994
L7: 1925.3 | M7: 3.36 | N7: 2061 | P7: 14.833756 | R7: 115500 | S7: 19.044913 | T7: 21.188002 | U7: 23.534816
L8: 1929.7 | M8: 3.33 | N8: 2064 | P8: 16.049842 | R8: 115600 | S8: 19.532976 | T8: 21.25939 | U8: 23.621003
L9: 1934.1 | M9: 3.37 | N9: 2067 | P9: 15.839258 | R9: 115700 | S9: 19.409072 | T9: 21.295436 | U9: 23.660784
L10: 1938.5 | M10: 3.25 | N10: 2070 | P10: 16.366121 | R10: 115800 | S10: 19.120735 | T10: 21.187066 | U10: 23.788593
L11: 1942.9 | M11: 3.2 | N11: 2073 | P11: 17.011736 | R11: 115900 | S11: 19.449085 | T11: 21.28222 | U11: 23.726913
L12: 1947.3 | M12: 3.21 | N12: 2076 | P12: 17.161173 | R12: 116000 | S12: 19.526458 | T12: 21.168864 | U12: 23.703229
L13: 1951.7 | M13: 3.47 | N13: 2079 | P13: 16.420179 | R13: 116100 | S13: 19.352027 | T13: 21.288169 | U13: 23.666113
L14: 1960.4 | M14: 3.58 | N14: 2082 | P14: 16.272956 | R14: 116200 | S14: 19.338589 | T14: 21.376996 | U14: 23.489398
L15: 1964.5 | M15: 3.61 | N15: 2085 | P15: 15.698123 | R15: 116300 | S15: 19.478932 | T15: 21.363316 | U15: 23.518241
L16: 1968.6 | M16: 3.62 | N16: 2088 | P16: 15.338003 | R16: 116400 | S16: 19.529793 | T16: 21.390063 | U16: 23.419279
L17: 1972.7 | M17: 3.45 | N17: 2091 | P17: 16.887565 | R17: 116500 | S17: 19.645678 | T17: 21.369449 | U17: 23.409202
... L85: 2205 | M85: 4.45 | N85: 2286 | P85: 13.563172 | R85: 123300 | S85: 19.779475 | T85: 21.573952 | U85: 23.749386
L86: 2208 | M86: 4.41 | R86: 123400 | S86: 19.774489 | T86: 21.582925 | U86: 23.755229
L87: 2220 | M87: 4.37 | R87: 123500 | S87: 19.732314 | T87: 21.633689 | U87: 23.850649
L88: 2223 | M88: 4.27 | R88: 123600 | S88: 19.681361 | T88: 21.655368 | U88: 23.85042
L89: 2226 | M89: 4.29 | R89: 123700 | S89: 19.652849 | T89: 21.672827 | U89: 23.809203
L90: 2229 | M90: 4.3 | R90: 123800 | S90: 19.823263 | T90: 21.672934 | U90: 23.771196
L91: 2235 | M91: 4.46 | R91: 123900 | S91: 19.866029 | T91: 21.683469 | U91: 23.694126
L92: 2238 | M92: 4.35 | R92: 124000 | S92: 19.809491 | T92: 21.67648 | U92: 23.704263
L93: 2244 | M93: 4.4 | R93: 124100 | S93: 19.805042 | T93: 21.656458 | U93: 23.613785
L94: 2247 | M94: 4.44 | R94: 124200 | S94: 19.699849 | T94: 21.66001 | U94: 23.652206
L95: 2256 | M95: 4.2 | R95: 124300 | S95: 19.71788 | T95: 21.663577 | U95: 23.639565
L96: 2262 | M96: 4.37 | R96: 124400 | S96: 19.708915 | T96: 21.640401 | U96: 23.70042
L97: 2265 | M97: 4.19 | R97: 124500 | S97: 19.687519 | T97: 21.592966 | U97: 23.754371
... L103: 2298 | M103: 4.35 | R103: 125100 | S103: 19.675108 | T103: 21.52742 | U103: 23.663938
R104: 125200 | S104: 19.694071 | T104: 21.536358 | U104: 23.660149
R105: 125300 | S105: 19.668724 | T105: 21.523381 | U105: 23.609055
R106: 125400 | S106: 19.66685 | T106: 21.489866 | U106: 23.64536
R107: 125500 | S107: 19.609943 | T107: 21.51125 | U107: 23.631691
R108: 125600 | S108: 19.606029 | T108: 21.500957 | U108: 23.535097
R109: 125700 | S109: 19.72635 | T109: 21.478941 | U109: 23.618795
R110: 125800 | S110: 19.590739 | T110: 21.527018 | U110: 23.497733
R111: 125900 | S111: 19.595393 | T111: 21.478879 | U111: 23.534915
R112: 126000 | S112: 19.639958 | T112: 21.451806 | U112: 23.468644
R113: 126100 | S113: 19.63344 | T113: 21.485208 | U113: 23.63766
R114: 126200 | S114: 19.668324 | T114: 21.477924 | U114: 23.559639
R115: 126300 | S115: 19.645233 | T115: 21.497479 | U115: 23.515776
... R152: 130000 | S152: 17.369161 | T152: 20.349545 | U152: 23.309326

Sheet MD95-2036
A1: ID | B1: Longitude | C1: Latitude | D1: Proxy | E1: Tie Point Depth (cm) | F1: Tie Point Age (yr) | G1: Tie Point Uncertainty (yr) | H1: Hadley Bias Correction | I1: Hadley uncertainty | J1: TF Uncertainty | K1: SS Uncertainty | L1: Benthic d18O Depth (cm) | M1: Benthic d18O (per mil) | N1: Depth (cm) | O1: Proxy Value | P1: SST (ºC) | Q1: Biascorr | R1: Age (yr) | S1: SST -2sd | T1: SST mean | U1: SST +2sd
A2: MD95-2036 | B2: -57.57 | C2: 33.68 | D2: Foram | E2: 4236 | F2: 111246 | G2: 1600 | L2: 4221.5 | M2: 3.998 | N2: 4271.5 | P2: 21.76 | R2: 115000 | S2: 19.656844 | T2: 24.407505 | U2: 28.018413
E3: 4352 | F3: 127212 | G3: 1427 | L3: 4224.5 | M3: 3.927 | N3: 4273.5 | P3: 23.26 | R3: 115100 | S3: 19.395974 | T3: 24.308707 | U3: 28.297601
E4: 4381 | F4: 136383 | G4: 1304 | L4: 4227.5 | M4: 4.134 | N4: 4275.5 | P4: 26.31 | R4: 115200 | S4: 19.754232 | T4: 24.257552 | U4: 28.127513
E5: 4396 | F5: 139374 | G5: 1332 | L5: 4230.5 | M5: 3.8085 | N5: 4280.5 | P5: 21.52 | R5: 115300 | S5: 19.824056 | T5: 24.254038 | U5: 28.157055
L6: 4233.5 | M6: 4.0165 | N6: 4286.5 | P6: 25.71 | R6: 115400 | S6: 19.842495 | T6: 24.242397 | U6: 28.313052
L7: 4235.5 | M7: 4.06 | N7: 4292.5 | P7: 25.58 | R7: 115500 | S7: 19.659311 | T7: 24.31653 | U7: 28.207316
L8: 4236.5 | M8: 4.259 | N8: 4296.5 | P8: 26.95 | R8: 115600 | S8: 19.558066 | T8: 24.273726 | U8: 28.226383
L9: 4237.5 | M9: 4.03 | N9: 4298.5 | P9: 26.35 | R9: 115700 | S9: 19.935695 | T9: 24.280487 | U9: 28.1755
L10: 4239.5 | M10: 3.867 | N10: 4300.5 | P10: 26.96 | R10: 115800 | S10: 19.839533 | T10: 24.276015 | U10: 28.352678
L11: 4242.5 | M11: 4.017 | N11: 4301.5 | P11: 26.35 | R11: 115900 | S11: 20.018479 | T11: 24.243932 | U11: 28.278036
L12: 4243.5 | M12: 4.14 | N12: 4302.5 | P12: 23.24 | R12: 116000 | S12: 19.880426 | T12: 24.394729 | U12: 28.435487
L13: 4245.5 | M13: 3.7585 | N13: 4303.5 | P13: 24.75 | R13: 116100 | S13: 19.99608 | T13: 24.510858 | U13: 28.5814
L14: 4246.5 | M14: 4.04 | N14: 4304.5 | P14: 23.85 | R14: 116200 | S14: 20.113597 | T14: 24.50634 | U14: 28.635148
L15: 4247.5 | M15: 3.94 | N15: 4305.5 | P15: 24.44 | R15: 116300 | S15: 19.731694 | T15: 24.531604 | U15: 28.641453
L16: 4248.5 | M16: 3.784 | N16: 4306.5 | P16: 25.9 | R16: 116400 | S16: 20.126639 | T16: 24.517373 | U16: 28.434029
L17: 4249.5 | M17: 3.94 | N17: 4307.5 | P17: 24.255 | R17: 116500 | S17: 20.147055 | T17: 24.5553 | U17: 28.73438
... L75: 4327.5 | M75: 2.9555 | N75: 4391.5 | P75: 18.85 | R75: 122300 | S75: 21.224136 | T75: 24.895727 | U75: 28.88224
L76: 4328.5 | M76: 3.204 | R76: 122400 | S76: 21.126665 | T76: 24.988817 | U76: 28.934302
L77: 4330.5 | M77: 3.194 | R77: 122500 | S77: 21.016432 | T77: 24.924251 | U77: 28.727586
L78: 4331.5 | M78: 3.5725 | R78: 122600 | S78: 20.994643 | T78: 24.92617 | U78: 28.655599
L79: 4332.5 | M79: 3.078333 | R79: 122700 | S79: 20.955421 | T79: 24.984138 | U79: 28.874556
L80: 4333.5 | M80: 3.4105 | R80: 122800 | S80: 20.897064 | T80: 24.915501 | U80: 28.840111
L81: 4334.5 | M81: 2.788 | R81: 122900 | S81: 20.951693 | T81: 24.917319 | U81: 28.818608
L82: 4335.5 | M82: 2.89 | R82: 123000 | S82: 20.9328 | T82: 24.843019 | U82: 28.937009
L83: 4336.5 | M83: 3.1015 | R83: 123100 | S83: 20.958552 | T83: 24.758864 | U83: 28.743973
L84: 4337.5 | M84: 2.387 | R84: 123200 | S84: 20.826559 | T84: 24.776212 | U84: 28.879845
L85: 4338.5 | M85: 2.8615 | R85: 123300 | S85: 20.909256 | T85: 24.649219 | U85: 28.547595
L86: 4339.5 | M86: 3.145 | R86: 123400 | S86: 20.83309 | T86: 24.715378 | U86: 28.773828
L87: 4340.5 | M87: 3.06 | R87: 123500 | S87: 20.762558 | T87: 24.697162 | U87: 28.591135
... L138: 4397.5 | M138: 5.11 | R138: 128600 | S138: 19.976341 | T138: 23.837339 | U138: 27.564925
R139: 128700 | S139: 20.049048 | T139: 23.846677 | U139: 27.394598
R140: 128800 | S140: 19.922449 | T140: 23.814985 | U140: 27.520604
R141: 128900 | S141: 19.92416 | T141: 23.736792 | U141: 27.387674
R142: 129000 | S142: 19.95778 | T142: 23.693288 | U142: 27.421586
R143: 129100 | S143: 20.059059 | T143: 23.708269 | U143: 27.399739
R144: 129200 | S144: 19.87565 | T144: 23.596126 | U144: 27.36567
R145: 129300 | S145: 19.820561 | T145: 23.538727 | U145: 27.407789
R146: 129400 | S146: 19.855802 | T146: 23.53995 | U146: 26.982269
R147: 129500 | S147: 19.8191 | T147: 23.518404 | U147: 27.09648
R148: 129600 | S148: 19.822366 | T148: 23.457564 | U148: 27.041369
R149: 129700 | S149: 19.719373 | T149: 23.485592 | U149: 27.213037
R150: 129800 | S150: 19.595215 | T150: 23.437915 | U150: 27.350954
... R152: 130000 | S152: 19.61834 | T152: 23.294252 | U152: 27.122216

Sheet KNR140-37JPC
A1: ID | B1: Longitude | C1: Latitude | D1: Proxy | E1: Tie Point Depth (cm) | F1: Tie Point Age (yr) | G1: Tie Point Uncertainty (yr) | H1: Hadley Bias Correction | I1: Hadley uncertainty | J1: TF Uncertainty | K1: SS Uncertainty | L1: Benthic d18O Depth (cm) | M1: Benthic d18O (per mil) | N1: Depth (cm) | O1: Proxy Value | P1: SST (ºC) | Q1: Biascorr | R1: Age (yr) | S1: SST -2sd | T1: SST mean | U1: SST +2sd
A2: KNR140-37JPC | B2: -75.42 | C2: 31.68 | D2: Foram | E2: 1746 | F2: 107755 | G2: 1389 | L2: 1452 | M2: 4.631843 | N2: 1769 | P2: 26.27 | R2: 115000 | S2: 24.048708 | T2: 27.552291 | U2: 30.919131
E3: 1806 | F3: 111254 | G3: 1600 | L3: 1456 | M3: 4.572916 | N3: 1773 | P3: 26.45 | R3: 115100 | S3: 23.959284 | T3: 27.583611 | U3: 30.858085
E4: 1910 | F4: 127229 | G4: 1427 | L4: 1460 | M4: 4.512026 | N4: 1777 | P4: 25.68 | R4: 115200 | S4: 24.108964 | T4: 27.55459 | U4: 30.808607
E5: 1930 | F5: 136339 | G5: 1303 | L5: 1464 | M5: 4.546065 | N5: 1781 | P5: 26.73 | R5: 115300 | S5: 24.105965 | T5: 27.567383 | U5: 30.641444
E6: 1954 | F6: 139372 | G6: 1332 | L6: 1468 | M6: 4.49008 | N6: 1785 | P6: 26.73 | R6: 115400 | S6: 24.063499 | T6: 27.534255 | U6: 30.624628
L7: 1476 | M7: 4.415288 | N7: 1789 | P7: 27.63 | R7: 115500 | S7: 24.071554 | T7: 27.516832 | U7: 30.708631
L8: 1484 | M8: 4.330371 | N8: 1793 | P8: 27.48 | R8: 115600 | S8: 24.108813 | T8: 27.510341 | U8: 30.733657
L9: 1488 | M9: 4.206678 | N9: 1797 | P9: 27.5 | R9: 115700 | S9: 24.156595 | T9: 27.49783 | U9: 30.793932
L10: 1492 | M10: 4.34214 | N10: 1801 | P10: 26.88 | R10: 115800 | S10: 24.269992 | T10: 27.482269 | U10: 30.856514
L11: 1496 | M11: 4.52644 | N11: 1805 | P11: 26.45 | R11: 115900 | S11: 24.230838 | T11: 27.49355 | U11: 30.874789
L12: 1500 | M12: 4.323009 | N12: 1809 | P12: 27.8 | R12: 116000 | S12: 24.104205 | T12: 27.510739 | U12: 30.84999
L13: 1504 | M13: 4.408533 | N13: 1813 | P13: 27.68 | R13: 116100 | S13: 24.015345 | T13: 27.545634 | U13: 30.984558
L14: 1508 | M14: 4.239279 | N14: 1817 | P14: 27.8 | R14: 116200 | S14: 24.014717 | T14: 27.506799 | U14: 30.925757
L15: 1512 | M15: 4.11824 | N15: 1821 | P15: 27.96 | R15: 116300 | S15: 24.104689 | T15: 27.496046 | U15: 30.927523
L16: 1516 | M16: 4.143566 | N16: 1825 | P16: 27.71 | R16: 116400 | S16: 24.113006 | T16: 27.506416 | U16: 30.798615
L17: 1520 | M17: 3.916814 | N17: 1829 | P17: 27.71 | R17: 116500 | S17: 24.176659 | T17: 27.49901 | U17: 30.892948
L18: 1524 | M18: 4.036536 | N18: 1833 | P18: 26.73 | R18: 116600 | S18: 24.088132 | T18: 27.456446 | U18: 30.935781
... L57: 1680 | M57: 3.986176 | N57: 1993 | P57: 27.53 | R57: 120500 | S57: 24.147419 | T57: 27.362609 | U57: 30.647924
L58: 1684 | M58: 4.019353 | R58: 120600 | S58: 24.118454 | T58: 27.323465 | U58: 30.707231
L59: 1688 | M59: 3.955462 | R59: 120700 | S59: 24.076936 | T59: 27.300066 | U59: 30.682051
L60: 1692 | M60: 3.989615 | R60: 120800 | S60: 23.992765 | T60: 27.311936 | U60: 30.640691
L61: 1694 | M61: 3.92082 | R61: 120900 | S61: 23.985481 | T61: 27.318265 | U61: 30.685973
L62: 1700 | M62: 4.037623 | R62: 121000 | S62: 24.045324 | T62: 27.325668 | U62: 30.720687
L63: 1704 | M63: 3.942341 | R63: 121100 | S63: 23.939122 | T63: 27.348759 | U63: 30.78248
L64: 1708 | M64: 3.927923 | R64: 121200 | S64: 23.934063 | T64: 27.30048 | U64: 30.727266
L65: 1711 | M65: 3.954342 | R65: 121300 | S65: 23.900666 | T65: 27.304579 | U65: 30.613167
L66: 1714 | M66: 3.982025 | R66: 121400 | S66: 24.058359 | T66: 27.234165 | U66: 30.694348
L67: 1718 | M67: 3.966164 | R67: 121500 | S67: 24.024846 | T67: 27.250865 | U67: 30.633427
L68: 1722 | M68: 3.876241 | R68: 121600 | S68: 23.910116 | T68: 27.249857 | U68: 30.554032
L69: 1730 | M69: 3.997581 | R69: 121700 | S69: 23.948475 | T69: 27.258553 | U69: 30.491646
... L130: 2006 | M130: 4.40456 | R130: 127800 | S130: 21.2463 | T130: 25.471168 | U130: 29.392854
R131: 127900 | S131: 21.172043 | T131: 25.398881 | U131: 29.407098
R132: 128000 | S132: 21.16194 | T132: 25.254697 | U132: 29.352273
R133: 128100 | S133: 21.156353 | T133: 25.174589 | U133: 29.226111
R134: 128200 | S134: 21.051394 | T134: 25.075813 | U134: 29.174578
R135: 128300 | S135: 20.993414 | T135: 24.9802 | U135: 29.102514
R136: 128400 | S136: 20.900556 | T136: 24.841688 | U136: 28.822807
R137: 128500 | S137: 20.725602 | T137: 24.726696 | U137: 28.875307
R138: 128600 | S138: 20.594388 | T138: 24.64202 | U138: 28.755423
R139: 128700 | S139: 20.602423 | T139: 24.544338 | U139: 28.539255
R140: 128800 | S140: 20.509481 | T140: 24.460512 | U140: 28.562579
R141: 128900 | S141: 20.398795 | T141: 24.387072 | U141: 28.461471
R142: 129000 | S142: 20.359034 | T142: 24.271179 | U142: 28.335074
... R152: 130000 | S152: 20.067482 | T152: 23.609213 | U152: 27.885046

Sheet MD02-2575
A1: ID | B1: Longitude | C1: Latitude | D1: Proxy | E1: Tie Point Depth (cm) | F1: Tie Point Age (yr) | G1: Tie Point Uncertainty (yr) | H1: Hadley Bias Correction | I1: Hadley uncertainty | J1: TF Uncertainty | K1: SS Uncertainty | L1: Benthic d18O Depth (cm) | M1: Benthic d18O (per mil) | N1: Depth (cm) | O1: Proxy Value | P1: SST (ºC) | Q1: Biascorr | R1: Age (yr) | S1: SST -2sd | T1: SST mean | U1: SST +2sd
A2: MD02-2575 | B2: -87.11 | C2: 29 | D2: MgCa | E2: 1335 | F2: 105345 | G2: 1234 | L2: 1290 | M2: 3.95 | N2: 1370 | O2: 4.13 | R2: 115000 | S2: 24.177312 | T2: 25.891192 | U2: 27.858235
E3: 1390 | F3: 113008 | G3: 1582 | L3: 1295 | M3: 3.85 | N3: 1375 | O3: 3.781 | R3: 115100 | S3: 24.181212 | T3: 25.898117 | U3: 27.903188
E4: 1414 | F4: 118747 | G4: 1519 | L4: 1300 | M4: 3.92 | N4: 1380 | O4: 4.052 | R4: 115200 | S4: 24.227753 | T4: 25.911225 | U4: 27.94379
E5: 1450 | F5: 127219 | G5: 1427 | L5: 1305 | M5: 3.73 | N5: 1385 | O5: 3.716 | R5: 115300 | S5: 24.249449 | T5: 25.931963 | U5: 27.943063
E6: 1480 | F6: 128332 | G6: 1415 | L6: 1310 | M6: 3.55 | N6: 1390 | O6: 3.82 | R6: 115400 | S6: 24.164962 | T6: 25.956422 | U6: 27.97684
E7: 1534 | F7: 136339 | G7: 1303 | L7: 1315 | M7: 3.73 | N7: 1395 | O7: 3.967 | R7: 115500 | S7: 24.14492 | T7: 25.964912 | U7: 27.98295
E8: 1565 | F8: 139396 | G8: 1333 | L8: 1320 | M8: 3.6 | N8: 1400 | O8: 3.698 | R8: 115600 | S8: 24.273081 | T8: 26.00375 | U8: 28.111718
L9: 1325 | M9: 3.54 | N9: 1405 | O9: 4.266 | R9: 115700 | S9: 24.328185 | T9: 26.023437 | U9: 28.132458
L10: 1330 | M10: 3.46 | N10: 1410 | O10: 4.108 | R10: 115800 | S10: 24.328955 | T10: 26.058166 | U10: 28.127186
L11: 1335 | M11: 3.54 | N11: 1415 | O11: 4.397 | R11: 115900 | S11: 24.345238 | T11: 26.088052 | U11: 28.242803
L12: 1340 | M12: 3.22 | N12: 1420 | O12: 4.116 | R12: 116000 | S12: 24.393187 | T12: 26.125576 | U12: 28.255727
L13: 1345 | M13: 3.33 | N13: 1425 | O13: 4.675 | R13: 116100 | S13: 24.400672 | T13: 26.162408 | U13: 28.27383
L14: 1348 | M14: 3.18 | N14: 1430 | O14: 5.19 | R14: 116200 | S14: 24.429067 | T14: 26.190698 | U14: 28.31795
L15: 1352 | M15: 3.22 | N15: 1435 | O15: 5.6 | R15: 116300 | S15: 24.413824 | T15: 26.230979 | U15: 28.322191
L16: 1355 | M16: 3.5 | N16: 1440 | O16: 5.02 | R16: 116400 | S16: 24.47202 | T16: 26.270706 | U16: 28.418718
L17: 1360 | M17: 3.56 | N17: 1445 | O17: 5.09 | R17: 116500 | S17: 24.443698 | T17: 26.274501 | U17: 28.386579
L18: 1365 | M18: 3.4 | N18: 1450 | O18: 4.969 | R18: 116600 | S18: 24.458147 | T18: 26.309578 | U18: 28.367793
L19: 1370 | M19: 3.53 | N19: 1455 | O19: 4.813 | R19: 116700 | S19: 24.466775 | T19: 26.371244 | U19: 28.395333
L20: 1375 | M20: 3.54 | N20: 1460 | O20: 4.934 | R20: 116800 | S20: 24.478955 | T20: 26.397399 | U20: 28.434578
... L58: 1560 | M58: 4.1 | N58: 1645 | O58: 3.405 | R58: 120600 | S58: 25.385124 | T58: 27.680086 | U58: 30.650241
L59: 1565 | M59: 4.37 | R59: 120700 | S59: 25.457757 | T59: 27.76413 | U59: 30.671095
L60: 1570 | M60: 4.15 | R60: 120800 | S60: 25.432013 | T60: 27.848761 | U60: 30.798743
L61: 1575 | M61: 4.22 | R61: 120900 | S61: 25.443797 | T61: 27.939857 | U61: 30.799615
L62: 1580 | M62: 4.08 | R62: 121000 | S62: 25.428329 | T62: 28.028086 | U62: 30.733929
L63: 1590 | M63: 4.37 | R63: 121100 | S63: 25.448164 | T63: 28.102357 | U63: 30.749478
L64: 1595 | M64: 4.14 | R64: 121200 | S64: 25.450854 | T64: 28.17576 | U64: 30.809521
L65: 1600 | M65: 4.42 | R65: 121300 | S65: 25.506308 | T65: 28.243575 | U65: 30.886021
L66: 1605 | M66: 4.15 | R66: 121400 | S66: 25.528708 | T66: 28.296876 | U66: 30.915554
L67: 1610 | M67: 4.29 | R67: 121500 | S67: 25.593234 | T67: 28.363581 | U67: 30.938854
L68: 1615 | M68: 4.15 | R68: 121600 | S68: 25.647674 | T68: 28.404212 | U68: 31.006225
L69: 1620 | M69: 4.14 | R69: 121700 | S69: 25.682469 | T69: 28.487877 | U69: 31.035813
L70: 1625 | M70: 4.09 | R70: 121800 | S70: 25.723844 | T70: 28.527338 | U70: 31.05846
... L74: 1645 | M74: 4.06 | R74: 122200 | S74: 25.876373 | T74: 28.724961 | U74: 31.108233
R75: 122300 | S75: 25.852294 | T75: 28.742315 | U75: 31.160869
R76: 122400 | S76: 25.8849 | T76: 28.770197 | U76: 31.126219
R77: 122500 | S77: 25.980938 | T77: 28.781996 | U77: 31.095613
R78: 122600 | S78: 26.023844 | T78: 28.831679 | U78: 31.15501
R79: 122700 | S79: 26.06588 | T79: 28.849388 | U79: 31.14841
R80: 122800 | S80: 26.078393 | T80: 28.877927 | U80: 31.183523
R81: 122900 | S81: 26.258723 | T81: 28.889993 | U81: 31.197036
R82: 123000 | S82: 26.348167 | T82: 28.909645 | U82: 31.202029
R83: 123100 | S83: 26.465337 | T83: 28.921455 | U83: 31.178564
R84: 123200 | S84: 26.420322 | T84: 28.917026 | U84: 31.228346
R85: 123300 | S85: 26.45339 | T85: 28.931142 | U85: 31.166008
R86: 123400 | S86: 26.492562 | T86: 28.915446 | U86: 31.161368
... R152: 130000 | S152: 24.676523 | T152: 26.635722 | U152: 28.952737

Sheet GIK15637-1
A1: ID | B1: Longitude | C1: Latitude | D1: Proxy | E1: Tie Point Depth (cm) | F1: Tie Point Age (yr) | G1: Tie Point Uncertainty (yr) | H1: Hadley Bias Correction | I1: Hadley uncertainty | J1: TF Uncertainty | K1: SS Uncertainty | L1: Benthic d18O Depth (cm) | M1: Benthic d18O (per mil) | N1: Depth (cm) | O1: Proxy Value | P1: SST (ºC) | Q1: Biascorr | R1: Age (yr) | S1: SST -2sd | T1: SST mean | U1: SST +2sd
A2: GIK15637-1 | B2: -18.98 | C2: 27 | D2: Foram | E2: 181 | F2: 105374 | G2: 1233 | H2: ='HadSST & SynTrACE Bias Estimate'!D11 -> -0.18408307 | I2: ='HadSST & SynTrACE Bias Estimate'!E11 -> 0.14135695 | J2: 1.1 | K2: =SQRT(J2^2+I2^2) -> 1.1090454 | L2: 100.5 | M2: 4.17 | N2: 178 | P2: 20.2 | Q2: 20.384083 | R2: 115000 | S2: 18.943164 | T2: 20.833145 | U2: 22.572727
E3: 195 | F3: 111224 | G3: 1600 | L3: 102 | M3: 4.67 | N3: 179 | P3: 20.45 | Q3: 20.634083 | R3: 115100 | S3: 18.963612 | T3: 20.826672 | U3: 22.574898
E4: 201 | F4: 119000 | G4: 1517 | L4: 104 | M4: 4.4 | N4: 181 | P4: 20 | Q4: 20.184083 | R4: 115200 | S4: 18.988986 | T4: 20.837966 | U4: 22.5471
E5: 211 | F5: 127220 | G5: 1427 | L5: 110.5 | M5: 4.39 | N5: 182 | P5: 21.3 | Q5: 21.484083 | R5: 115300 | S5: 18.973339 | T5: 20.827627 | U5: 22.548605
E6: 227 | F6: 136403 | G6: 1304 | L6: 113 | M6: 4.42 | N6: 184 | P6: 19.45 | Q6: 19.634083 | R6: 115400 | S6: 18.938527 | T6: 20.815217 | U6: 22.516654
L7: 114 | M7: 4.32 | N7: 185 | P7: 20.5 | Q7: 20.684083 | R7: 115500 | S7: 18.938282 | T7: 20.819919 | U7: 22.578832
L8: 115.5 | M8: 4.49 | N8: 186 | P8: 20.15 | Q8: 20.334083 | R8: 115600 | S8: 18.984521 | T8: 20.825157 | U8: 22.608264
L9: 118 | M9: 4.29 | N9: 188 | P9: 20.95 | Q9: 21.134083 | R9: 115700 | S9: 18.980041 | T9: 20.818339 | U9: 22.650944
L10: 120.5 | M10: 4.15 | N10: 189 | P10: 20.25 | Q10: 20.434083 | R10: 115800 | S10: 19.030846 | T10: 20.81313 | U10: 22.676218
L11: 124 | M11: 4.39 | N11: 190 | P11: 21 | Q11: 21.184083 | R11: 115900 | S11: 18.987589 | T11: 20.819217 | U11: 22.665964
L12: 126 | M12: 4.53 | N12: 192 | P12: 20.8 | Q12: 20.984083 | R12: 116000 | S12: 18.992529 | T12: 20.826389 | U12: 22.62173
L13: 127 | M13: 4.4 | N13: 193 | P13: 20.45 | Q13: 20.634083 | R13: 116100 | S13: 18.998968 | T13: 20.819069 | U13: 22.635599
L14: 128 | M14: 4.315 | N14: 194 | P14: 20.6 | Q14: 20.784083 | R14: 116200 | S14: 19.0281 | T14: 20.820736 | U14: 22.578331
L15: 130.5 | M15: 4.36 | N15: 195 | P15: 20.9 | Q15: 21.084083 | R15: 116300 | S15: 19.024069 | T15: 20.824612 | U15: 22.626313
L16: 132 | M16: 4.43 | N16: 197 | P16: 20.6 | Q16: 20.784083 | R16: 116400 | S16: 18.988911 | T16: 20.82858 | U16: 22.64121
L17: 135 | M17: 4.42 | N17: 198 | P17: 20.8 | Q17: 20.984083 | R17: 116500 | S17: 18.962614 | T17: 20.842111 | U17: 22.610252
L18: 138 | M18: 4.34 | N18: 199 | P18: 20.55 | Q18: 20.734083 | R18: 116600 | S18: 19.005016 | T18: 20.851586 | U18: 22.632971
... L53: 214 | M53: 3.76 | N53: 258 | P53: 19.3 | Q53: 19.484083 | R53: 120100 | S53: 19.660553 | T53: 21.443373 | U53: 23.290784
L54: 217 | M54: 4.44 | R54: 120200 | S54: 19.664049 | T54: 21.431991 | U54: 23.264764
L55: 218 | M55: 4.17 | R55: 120300 | S55: 19.641884 | T55: 21.416817 | U55: 23.240793
L56: 219 | M56: 4.06 | R56: 120400 | S56: 19.633426 | T56: 21.426611 | U56: 23.244094
L57: 220.5 | M57: 3.98 | R57: 120500 | S57: 19.607344 | T57: 21.425648 | U57: 23.290697
L58: 221 | M58: 4.05 | R58: 120600 | S58: 19.708214 | T58: 21.435334 | U58: 23.305017
L59: 223 | M59: 4.07 | R59: 120700 | S59: 19.71703 | T59: 21.448902 | U59: 23.289078
L60: 224 | M60: 4.135 | R60: 120800 | S60: 19.679806 | T60: 21.456625 | U60: 23.303461
L61: 227 | M61: 4.97 | R61: 120900 | S61: 19.653035 | T61: 21.453398 | U61: 23.283778
L62: 229 | M62: 4.46 | R62: 121000 | S62: 19.684013 | T62: 21.474151 | U62: 23.286531
L63: 230.5 | M63: 4.87 | R63: 121100 | S63: 19.708184 | T63: 21.475933 | U63: 23.257891
L64: 232 | M64: 3.81 | R64: 121200 | S64: 19.692978 | T64: 21.481938 | U64: 23.285505
L65: 233 | M65: 4.53 | R65: 121300 | S65: 19.753789 | T65: 21.482285 | U65: 23.275979
... L75: 249 | M75: 4.75 | R75: 122300 | S75: 19.729949 | T75: 21.505606 | U75: 23.349699
R76: 122400 | S76: 19.707117 | T76: 21.503503 | U76: 23.347923
R77: 122500 | S77: 19.691173 | T77: 21.494999 | U77: 23.384578
R78: 122600 | S78: 19.727533 | T78: 21.499092 | U78: 23.394971
R79: 122700 | S79: 19.702478 | T79: 21.486338 | U79: 23.333826
R80: 122800 | S80: 19.72848 | T80: 21.480501 | U80: 23.278395
R81: 122900 | S81: 19.721925 | T81: 21.483324 | U81: 23.312793
R82: 123000 | S82: 19.731836 | T82: 21.473483 | U82: 23.273291
R83: 123100 | S83: 19.742987 | T83: 21.467401 | U83: 23.297238
R84: 123200 | S84: 19.70795 | T84: 21.457773 | U84: 23.310852
R85: 123300 | S85: 19.713535 | T85: 21.472484 | U85: 23.330918
R86: 123400 | S86: 19.730821 | T86: 21.472899 | U86: 23.326761
R87: 123500 | S87: 19.708815 | T87: 21.46215 | U87: 23.312142
... R152: 130000 | S152: 19.168499 | T152: 21.095026 | U152: 23.045859

Sheet M12392-1
A1: ID | B1: Longitude | C1: Latitude | D1: Proxy | E1: Tie Point Depth (cm) | F1: Tie Point Age (yr) | G1: Tie Point Uncertainty (yr) | H1: Hadley Bias Correction | I1: Hadley uncertainty | J1: TF Uncertainty | K1: SS Uncertainty | L1: Benthic d18O Depth (cm) | M1: Benthic d18O (per mil) | N1: Depth (cm) | O1: Proxy Value | P1: SST (ºC) | Q1: Biascorr | R1: Age (yr) | S1: SST -2sd | T1: SST mean | U1: SST +2sd
A2: M12392-1 | B2: -16.85 | C2: 25.16 | D2: Foram | E2: 735 | F2: 107837 | G2: 1398 | H2: ='HadSST & SynTrACE Bias Estimate'!D12 -> -0.13291985 | I2: ='HadSST & SynTrACE Bias Estimate'!E12 -> 0.18074976 | J2: 1.3 | K2: =SQRT(J2^2+I2^2) -> 1.3125054 | L2: 724.5 | M2: 3.87 | N2: 725.5 | P2: 16 | Q2: 16.13292 | R2: 115000 | S2: 13.502199 | T2: 16.591612 | U2: 19.434753
E3: 754 | F3: 111246 | G3: 1600 | L3: 735 | M3: 3.89 | N3: 735.5 | P3: 15.6 | Q3: 15.73292 | R3: 115100 | S3: 13.56717 | T3: 16.673203 | U3: 19.519226
E4: 814 | F4: 119009 | G4: 1517 | L4: 744.5 | M4: 3.75 | N4: 745.5 | P4: 15.85 | Q4: 15.98292 | R4: 115200 | S4: 13.609155 | T4: 16.726765 | U4: 19.605425
E5: 834 | F5: 127212 | G5: 1427 | L5: 754.5 | M5: 4.35 | N5: 755.5 | P5: 14.75 | Q5: 14.88292 | R5: 115300 | S5: 13.619586 | T5: 16.790621 | U5: 19.734755
E6: 844 | F6: 131784 | G6: 1367 | L6: 764.5 | M6: 4.12 | N6: 765.5 | P6: 14.95 | Q6: 15.08292 | R6: 115400 | S6: 13.646494 | T6: 16.877415 | U6: 19.788298
E7: 885 | F7: 136400 | G7: 1304 | L7: 774.5 | M7: 4.04 | N7: 775.5 | P7: 16.2 | Q7: 16.33292 | R7: 115500 | S7: 13.696789 | T7: 16.934959 | U7: 19.835173
E8: 934 | F8: 139396 | G8: 1333 | L8: 784.5 | M8: 3.77 | N8: 785 | P8: 17.4 | Q8: 17.53292 | R8: 115600 | S8: 13.742068 | T8: 17.025309 | U8: 19.880753
L9: 794.5 | M9: 3.75 | N9: 795.5 | P9: 18 | Q9: 18.13292 | R9: 115700 | S9: 13.80924 | T9: 17.082825 | U9: 19.955021
L10: 804.5 | M10: 3.92 | N10: 805.5 | P10: 18.35 | Q10: 18.48292 | R10: 115800 | S10: 13.893566 | T10: 17.130366 | U10: 19.975375
L11: 814.5 | M11: 3.06 | N11: 815.5 | P11: 19.6 | Q11: 19.73292 | R11: 115900 | S11: 13.979584 | T11: 17.177377 | U11: 19.980578
L12: 824.5 | M12: 3.15 | N12: 825.5 | P12: 18.75 | Q12: 18.88292 | R12: 116000 | S12: 14.066082 | T12: 17.262143 | U12: 20.023108
L13: 834.5 | M13: 2.98 | N13: 835.5 | P13: 16.8 | Q13: 16.93292 | R13: 116100 | S13: 14.162664 | T13: 17.333157 | U13: 20.058954
L14: 844 | M14: 4.12 | N14: 846 | P14: 14.1 | Q14: 14.23292 | R14: 116200 | S14: 14.222578 | T14: 17.403659 | U14: 20.114629
L15: 856.5 | M15: 4.54 | N15: 857.5 | P15: 13.45 | Q15: 13.58292 | R15: 116300 | S15: 14.275292 | T15: 17.431672 | U15: 20.162303
L16: 864.5 | M16: 4.52 | N16: 865.5 | P16: 13.8 | Q16: 13.93292 | R16: 116400 | S16: 14.280194 | T16: 17.510616 | U16: 20.165502
L17: 876.5 | M17: 4.69 | N17: 875.5 | P17: 14 | Q17: 14.13292 | R17: 116500 | S17: 14.314712 | T17: 17.558023 | U17: 20.251514
L18: 884.5 | M18: 4.94 | N18: 885.5 | P18: 14.05 | Q18: 14.18292 | R18: 116600 | S18: 14.370493 | T18: 17.63182 | U18: 20.24318
L19: 894.5 | M19: 4.88 | N19: 895.5 | P19: 13.6 | Q19: 13.73292 | R19: 116700 | S19: 14.410011 | T19: 17.661181 | U19: 20.280371
L20: 904.5 | M20: 4.95 | N20: 905.5 | P20: 13.5 | Q20: 13.63292 | R20: 116800 | S20: 14.448272 | T20: 17.721214 | U20: 20.283776
... L23: 934.5 | M23: 5.11 | N23: 935.5 | P23: 14.9 | Q23: 15.03292 | R23: 117100 | S23: 14.587182 | T23: 17.915178 | U23: 20.375574
R24: 117200 | S24: 14.702784 | T24: 17.962473 | U24: 20.447332
R25: 117300 | S25: 14.699727 | T25: 18.01156 | U25: 20.485684
R26: 117400 | S26: 14.736979 | T26: 18.062802 | U26: 20.521147
R27: 117500 | S27: 14.826661 | T27: 18.10235 | U27: 20.557649
R28: 117600 | S28: 14.889266 | T28: 18.167065 | U28: 20.580039
R29: 117700 | S29: 14.948551 | T29: 18.211687 | U29: 20.661311
R30: 117800 | S30: 14.965413 | T30: 18.251726 | U30: 20.696638
R31: 117900 | S31: 15.051332 | T31: 18.292353 | U31: 20.774995
R32: 118000 | S32: 15.196246 | T32: 18.327063 | U32: 20.808139
R33: 118100 | S33: 15.254003 | T33: 18.350722 | U33: 20.83238
R34: 118200 | S34: 15.343222 | T34: 18.391521 | U34: 20.841023
R35: 118300 | S35: 15.4294 | T35: 18.440693 | U35: 20.929832
... R152: 130000 | S152: 12.795457 | T152: 15.447671 | U152: 17.837975

Sheet TR126-29
A1: ID | B1: Longitude | C1: Latitude | D1: Proxy | E1: Tie Point Depth (cm) | F1: Tie Point Age (yr) | G1: Tie Point Uncertainty (yr) | H1: Hadley Bias Correction | I1: Hadley uncertainty | J1: TF Uncertainty | K1: SS Uncertainty | L1: Benthic d18O Depth (cm) | M1: Benthic d18O (per mil) | N1: Depth (cm) | O1: Proxy Value | P1: SST (ºC) | Q1: Biascorr | R1: Age (yr) | S1: SST -2sd | T1: SST mean | U1: SST +2sd
A2: TR126-29 | B2: -93.95 | C2: 21.33 | D2: Foram | E2: 735 | F2: 108375 | G2: 1457 | H2: ='HadSST & SynTrACE Bias Estimate'!D13 -> -0.13121514 | I2: ='HadSST & SynTrACE Bias Estimate'!E13 -> 0.17372219 | J2: 1 | K2: =SQRT(J2^2+I2^2) -> 1.0149775 | L2: 730 | M2: 4.65 | N2: 730 | P2: 24.7 | Q2: 24.831215 | R2: 115000 | S2: 23.942544 | T2: 25.531782 | U2: 27.048632
E3: 760 | F3: 111247 | G3: 1600 | L3: 740 | M3: 4.16 | N3: 740 | P3: 24.95 | Q3: 25.081215 | R3: 115100 | S3: 23.933802 | T3: 25.519116 | U3: 27.053464
E4: 788 | F4: 118730 | G4: 1520 | L4: 760 | M4: 4.46 | N4: 760 | P4: 25.45 | Q4: 25.581215 | R4: 115200 | S4: 23.942029 | T4: 25.509976 | U4: 27.063634
E5: 818 | F5: 127212 | G5: 1427 | L5: 760 | M5: 4.26 | N5: 780 | P5: 25.35 | Q5: 25.481215 | R5: 115300 | S5: 23.925001 | T5: 25.500236 | U5: 27.069622
E6: 832 | F6: 131699 | G6: 1368 | L6: 775 | M6: 4.15 | N6: 785 | P6: 24.95 | Q6: 25.081215 | R6: 115400 | S6: 23.931346 | T6: 25.50628 | U6: 27.067047
E7: 850 | F7: 135372 | G7: 1310 | L7: 785 | M7: 3.71 | N7: 790 | P7: 24.8 | Q7: 24.931215 | R7: 115500 | S7: 23.904889 | T7: 25.502783 | U7: 27.080491
L8: 790 | M8: 3.37 | N8: 795 | P8: 25.1 | Q8: 25.231215 | R8: 115600 | S8: 23.880093 | T8: 25.500578 | U8: 27.089894
L9: 795 | M9: 3.61 | N9: 800 | P9: 24.85 | Q9: 24.981215 | R9: 115700 | S9: 23.86357 | T9: 25.502094 | U9: 27.097039
L10: 800 | M10: 3.57 | N10: 805 | P10: 25 | Q10: 25.131215 | R10: 115800 | S10: 23.83548 | T10: 25.49467 | U10: 27.11343
L11: 805 | M11: 3.61 | N11: 810 | P11: 25.1 | Q11: 25.231215 | R11: 115900 | S11: 23.811459 | T11: 25.484488 | U11: 27.115804
L12: 810 | M12: 3.49 | N12: 815 | P12: 25.3 | Q12: 25.431215 | R12: 116000 | S12: 23.779311 | T12: 25.481814 | U12: 27.115429
L13: 815 | M13: 3.57 | N13: 820 | P13: 24.7 | Q13: 24.831215 | R13: 116100 | S13: 23.746737 | T13: 25.475304 | U13: 27.101035
L14: 818 | M14: 3.6 | N14: 825 | P14: 23.7 | Q14: 23.831215 | R14: 116200 | S14: 23.75071 | T14: 25.475666 | U14: 27.083445
L15: 818 | M15: 3.24 | N15: 830 | P15: 23.5 | Q15: 23.631215 | R15: 116300 | S15: 23.745998 | T15: 25.466946 | U15: 27.088348
L16: 820 | M16: 3.5 | N16: 835 | P16: 22.35 | Q16: 22.481215 | R16: 116400 | S16: 23.713354 | T16: 25.455111 | U16: 27.088587
L17: 825 | M17: 3.46 | N17: 840 | P17: 23.15 | Q17: 23.281215 | R17: 116500 | S17: 23.723791 | T17: 25.44967 | U17: 27.096652
L18: 825 | M18: 3.6 | N18: 850 | P18: 23 | Q18: 23.131215 | R18: 116600 | S18: 23.692716 | T18: 25.431861 | U18: 27.132806
L19: 825 | M19: 3.16 | R19: 116700 | S19: 23.698352 | T19: 25.427641 | U19: 27.132372
L20: 830 | M20: 5.05 | R20: 116800 | S20: 23.710463 | T20: 25.411511 | U20: 27.118089
L21: 830 | M21: 3.51 | R21: 116900 | S21: 23.709157 | T21: 25.391506 | U21: 27.109503
L22: 835 | M22: 4.41 | R22: 117000 | S22: 23.667798 | T22: 25.368297 | U22: 27.109412
L23: 850 | M23: 5.1 | R23: 117100 | S23: 23.692386 | T23: 25.352435 | U23: 27.1099
R24: 117200 | S24: 23.661117 | T24: 25.331174 | U24: 27.123978
R25: 117300 | S25: 23.619767 | T25: 25.331525 | U25: 27.110178
R26: 117400 | S26: 23.593918 | T26: 25.315001 | U26: 27.133256
R27: 117500 | S27: 23.570689 | T27: 25.297503 | U27: 27.129113
R28: 117600 | S28: 23.502382 | T28: 25.290284 | U28: 27.091609
R29: 117700 | S29: 23.489703 | T29: 25.280548 | U29: 27.044042
R30: 117800 | S30: 23.495477 | T30: 25.286277 | U30: 27.033215
R31: 117900 | S31: 23.489611 | T31: 25.278421 | U31: 27.033308
R32: 118000 | S32: 23.489124 | T32: 25.268792 | U32: 26.99946
R33: 118100 | S33: 23.557808 | T33: 25.252249 | U33: 27.012808
R34: 118200 | S34: 23.584436 | T34: 25.237966 | U34: 26.998472
R35: 118300 | S35: 23.567473 | T35: 25.213491 | U35: 26.934002
... R152: 130000 | S152: 22.044534 | T152: 23.830496 | U152: 25.751639

Sheet TR126-23
A1: ID | B1: Longitude | C1: Latitude | D1: Proxy | E1: Tie Point Depth (cm) | F1: Tie Point Age (yr) | G1: Tie Point Uncertainty (yr) | H1: Hadley Bias Correction | I1: Hadley uncertainty | J1: TF Uncertainty | K1: SS Uncertainty | L1: Benthic d18O Depth (cm) | M1: Benthic d18O (per mil) | N1: Depth (cm) | O1: Proxy Value | P1: SST (ºC) | Q1: Biascorr | R1: Age (yr) | S1: SST -2sd | T1: SST mean | U1: SST +2sd
A2: TR126-23 | B2: -95.62 | C2: 20.48 | D2: Foram | E2: 550 | F2: 111224 | G2: 1600 | H2: ='HadSST & SynTrACE Bias Estimate'!D14 -> -0.17063588 | I2: ='HadSST & SynTrACE Bias Estimate'!E14 -> 0.16193508 | J2: 1 | K2: =SQRT(J2^2+I2^2) -> 1.0130266 | L2: 540 | M2: 4.31 | N2: 530 | P2: 24.5 | Q2: 24.670636 | R2: 115000 | S2: 23.513242 | T2: 25.23111 | U2: 26.861307
E3: 600 | F3: 127212 | G3: 1427 | L3: 550 | M3: 4.37 | N3: 540 | P3: 24.4 | Q3: 24.570636 | R3: 115100 | S3: 23.506232 | T3: 25.235733 | U3: 26.858491
E4: 615 | F4: 135348 | G4: 1310 | L4: 560 | M4: 4.19 | N4: 550 | P4: 24.7 | Q4: 24.870636 | R4: 115200 | S4: 23.535976 | T4: 25.226224 | U4: 26.877922
L5: 570 | M5: 3.56 | N5: 560 | P5: 24.9 | Q5: 25.070636 | R5: 115300 | S5: 23.543031 | T5: 25.232311 | U5: 26.913481
L6: 580 | M6: 3.46 | N6: 570 | P6: 25.2 | Q6: 25.370636 | R6: 115400 | S6: 23.572274 | T6: 25.247239 | U6: 26.936419
L7: 585 | M7: 3.455 | N7: 580 | P7: 25.75 | Q7: 25.920636 | R7: 115500 | S7: 23.574625 | T7: 25.257457 | U7: 26.928002
L8: 590 | M8: 3.35 | N8: 585 | P8: 25.15 | Q8: 25.320636 | R8: 115600 | S8: 23.573544 | T8: 25.261569 | U8: 26.966288
L9: 595 | M9: 3.3 | N9: 590 | P9: 25.1 | Q9: 25.270636 | R9: 115700 | S9: 23.594578 | T9: 25.264401 | U9: 26.977375
L10: 600 | M10: 3.18 | N10: 595 | P10: 25.2 | Q10: 25.370636 | R10: 115800 | S10: 23.591741 | T10: 25.269826 | U10: 26.966258
L11: 605 | M11: 3.3225 | N11: 600 | P11: 24.7 | Q11: 24.870636 | R11: 115900 | S11: 23.593639 | T11: 25.276166 | U11: 26.980592
L12: 610 | M12: 3.75 | N12: 605 | P12: 24.15 | Q12: 24.320636 | R12: 116000 | S12: 23.624368 | T12: 25.285323 | U12: 26.98247
L13: 615 | M13: 5.165 | N13: 610 | P13: 22.8 | Q13: 22.970636 | R13: 116100 | S13: 23.633246 | T13: 25.292734 | U13: 27.00252
L14: 620 | M14: 5.16 | N14: 615 | P14: 23.15 | Q14: 23.320636 | R14: 116200 | S14: 23.63772 | T14: 25.296807 | U14: 27.001719
N15: 620 | P15: 22.85 | Q15: 23.020636 | R15: 116300 | S15: 23.637908 | T15: 25.306521 | U15: 27.013077
R16: 116400 | S16: 23.660549 | T16: 25.312582 | U16: 26.984219
R17: 116500 | S17: 23.672064 | T17: 25.32479 | U17: 27.008761
R18: 116600 | S18: 23.686988 | T18: 25.332363 | U18: 27.034972
R19: 116700 | S19: 23.708557 | T19: 25.33729 | U19: 27.088158
R20: 116800 | S20: 23.686567 | T20: 25.345284 | U20: 27.094887
R21: 116900 | S21: 23.689043 | T21: 25.346366 | U21: 27.107746
R22: 117000 | S22: 23.700208 | T22: 25.350227 | U22: 27.1322
R23: 117100 | S23: 23.699517 | T23: 25.356286 | U23: 27.105222
R24: 117200 | S24: 23.736195 | T24: 25.357475 | U24: 27.090686
R25: 117300 | S25: 23.73604 | T25: 25.354827 | U25: 27.091228
R26: 117400 | S26: 23.721825 | T26: 25.363746 | U26: 27.132938
R27: 117500 | S27: 23.724117 | T27: 25.374952 | U27: 27.153161
... R152: 130000 | S152: 22.219594 | T152: 24.235432 | U152: 26.01548

Sheet M35027-1
A1: ID | B1: Longitude | C1: Latitude | D1: Proxy | E1: Tie Point Depth (cm) | F1: Tie Point Age (yr) | G1: Tie Point Uncertainty (yr) | H1: Hadley Bias Correction | I1: Hadley uncertainty | J1: TF Uncertainty | K1: SS Uncertainty | L1: Benthic d18O Depth (cm) | M1: Benthic d18O (per mil) | N1: Depth (cm) | O1: Proxy Value | P1: SST (ºC) | Q1: Biascorr | R1: Age (yr) | S1: SST -2sd | T1: SST mean | U1: SST +2sd
A2: M35027-1 | B2: -67.17 | C2: 17.64 | D2: Foram | E2: 300 | F2: 105396 | G2: 1232 | H2: ='HadSST & SynTrACE Bias Estimate'!D15 -> -0.19966634 | I2: ='HadSST & SynTrACE Bias Estimate'!E15 -> 0.082357623 | J2: 1.3 | K2: =SQRT(J2^2+I2^2) -> 1.3026061 | L2: 260 | M2: 2.89 | N2: 295 | P2: 26.12 | Q2: 26.319666 | R2: 115000 | S2: 23.387265 | T2: 25.661034 | U2: 28.048501
E3: 320 | F3: 111246 | G3: 1600 | L3: 270 | M3: 3.02 | N3: 298 | P3: 25.93 | Q3: 26.129666 | R3: 115100 | S3: 23.381006 | T3: 25.666348 | U3: 28.030117
E4: 360 | F4: 127213 | G4: 1427 | L4: 280 | M4: 2.83 | N4: 300 | P4: 26.28 | Q4: 26.479666 | R4: 115200 | S4: 23.371002 | T4: 25.683326 | U4: 27.98542
E5: 410 | F5: 136388 | G5: 1304 | L5: 290 | M5: 2.99 | N5: 302 | P5: 26.35 | Q5: 26.549666 | R5: 115300 | S5: 23.402887 | T5: 25.702362 | U5: 27.959119
L6: 300 | M6: 3.12 | N6: 305 | P6: 26.92 | Q6: 27.119666 | R6: 115400 | S6: 23.419871 | T6: 25.716063 | U6: 28.005831
L7: 310 | M7: 2.77 | N7: 308 | P7: 25.72 | Q7: 25.919666 | R7: 115500 | S7: 23.393527 | T7: 25.71652 | U7: 28.020816
L8: 320 | M8: 3.12 | N8: 312 | P8: 26.575 | Q8: 26.774666 | R8: 115600 | S8: 23.448186 | T8: 25.7093 | U8: 28.074701
L9: 330 | M9: 2.86 | N9: 315 | P9: 26.105 | Q9: 26.304666 | R9: 115700 | S9: 23.464229 | T9: 25.71583 | U9: 28.077947
L10: 340 | M10: 2.28 | N10: 318 | P10: 25.455 | Q10: 25.654666 | R10: 115800 | S10: 23.496238 | T10: 25.717621 | U10: 28.079677
L11: 350 | M11: 2 | N11: 320 | P11: 25.13 | Q11: 25.329666 | R11: 115900 | S11: 23.478525 | T11: 25.743979 | U11: 28.078359
L12: 360 | M12: 2.01 | N12: 322 | P12: 24.92 | Q12: 25.119666 | R12: 116000 | S12: 23.476137 | T12: 25.750362 | U12: 28.102021
L13: 370 | M13: 2.19 | N13: 325 | P13: 26.16 | Q13: 26.359666 | R13: 116100 | S13: 23.503248 | T13: 25.785481 | U13: 28.198307
L14: 380 | M14: 2.36 | N14: 328 | P14: 25.16 | Q14: 25.359666 | R14: 116200 | S14: 23.539992 | T14: 25.816977 | U14: 28.165623
L15: 390 | M15: 3.45 | N15: 330 | P15: 24.705 | Q15: 24.904666 | R15: 116300 | S15: 23.569624 | T15: 25.82737 | U15: 28.212332
L16: 400 | M16: 3.98 | N16: 332 | P16: 25.97 | Q16: 26.169666 | R16: 116400 | S16: 23.631935 | T16: 25.864066 | U16: 28.28759
L17: 410 | M17: 4.13 | N17: 335 | P17: 25.515 | Q17: 25.714666 | R17: 116500 | S17: 23.669177 | T17: 25.889296 | U17: 28.358663
... L23: 470 | M23: 3.67 | N23: 350 | P23: 25.96 | Q23: 26.159666 | R23: 117100 | S23: 23.667774 | T23: 25.935243 | U23: 28.214725
N24: 352 | P24: 26.235 | Q24: 26.434666 | R24: 117200 | S24: 23.677915 | T24: 25.965458 | U24: 28.17182
N25: 355 | P25: 25.93 | Q25: 26.129666 | R25: 117300 | S25: 23.7214 | T25: 26.000024 | U25: 28.238532
N26: 358 | P26: 25.65 | Q26: 25.849666 | R26: 117400 | S26: 23.687079 | T26: 25.984352 | U26: 28.16329
N27: 360 | P27: 25.045 | Q27: 25.244666 | R27: 117500 | S27: 23.771957 | T27: 26.003847 | U27: 28.26572
N28: 362 | P28: 25.48 | Q28: 25.679666 | R28: 117600 | S28: 23.806835 | T28: 26.025057 | U28: 28.274973
N29: 365 | P29: 26.365 | Q29: 26.564666 | R29: 117700 | S29: 23.810227 | T29: 26.019398 | U29: 28.324332
N30: 368 | P30: 26.145 | Q30: 26.344666 | R30: 117800 | S30: 23.894696 | T30: 26.029029 | U30: 28.416123
N31: 370 | P31: 25.425 | Q31: 25.624666 | R31: 117900 | S31: 23.882544 | T31: 26.054657 | U31: 28.44228
N32: 372 | P32: 25.39 | Q32: 25.589666 | R32: 118000 | S32: 23.896443 | T32: 26.064209 | U32: 28.46376
N33: 375 | P33: 24.69 | Q33: 24.889666 | R33: 118100 | S33: 23.908341 | T33: 26.057111 | U33: 28.494468
N34: 378 | P34: 25.04 | Q34: 25.239666 | R34: 118200 | S34: 23.876153 | T34: 26.070817 | U34: 28.397253
N35: 380 | P35: 24.72 | Q35: 24.919666 | R35: 118300 | S35: 23.822277 | T35: 26.09009 | U35: 28.36608
... N51: 450 | P51: 25.72 | Q51: 25.919666 | R51: 119900 | S51: 23.947815 | T51: 26.224809 | U51: 28.441874
R52: 120000 | S52: 23.959922 | T52: 26.231537 | U52: 28.510197
R53: 120100 | S53: 24.022042 | T53: 26.199004 | U53: 28.562006
R54: 120200 | S54: 23.978368 | T54: 26.204752 | U54: 28.594999
R55: 120300 | S55: 24.003437 | T55: 26.232925 | U55: 28.608792
R56: 120400 | S56: 24.075295 | T56: 26.211722 | U56: 28.562429
R57: 120500 | S57: 24.065605 | T57: 26.208753 | U57: 28.580048
R58: 120600 | S58: 24.036268 | T58: 26.204352 | U58: 28.543818
R59: 120700 | S59: 24.018682 | T59: 26.233207 | U59: 28.492373
R60: 120800 | S60: 23.916005 | T60: 26.208404 | U60: 28.494642
R61: 120900 | S61: 23.888584 | T61: 26.226751 | U61: 28.487952
R62: 121000 | S62: 23.855968 | T62: 26.218793 | U62: 28.450068
R63: 121100 | S63: 23.742334 | T63: 26.218304 | U63: 28.484094
... R152: 130000 | S152: 23.281583 | T152: 25.584894 | U152: 27.968343

Sheet V22-196
A1: ID | B1: Longitude | C1: Latitude | D1: Proxy | E1: Tie Point Depth (cm) | F1: Tie Point Age (yr) | G1: Tie Point Uncertainty (yr) | H1: Hadley Bias Correction | I1: Hadley uncertainty | J1: TF Uncertainty | K1: SS Uncertainty | L1: Benthic d18O Depth (cm) | M1: Benthic d18O (per mil) | N1: Depth (cm) | O1: Proxy Value | P1: SST (ºC) | Q1: Biascorr | R1: Age (yr) | S1: SST -2sd | T1: SST mean | U1: SST +2sd
A2: V22-196 | B2: -18.97 | C2: 13.83 | D2: Foram | E2: 507 | F2: 111246 | G2: 1600 | H2: ='HadSST & SynTrACE Bias Estimate'!D17 -> -0.66664815 | I2: ='HadSST & SynTrACE Bias Estimate'!E17 -> 0.26420552 | J2: 1.4 | K2: =SQRT(J2^2+I2^2) -> 1.4247121 | L2: 492 | M2: 4.19 | N2: 492 | P2: 18.05 | Q2: 18.716648 | R2: 115000 | S2: 17.612762 | T2: 21.044528 | U2: 25.131023
E3: 567 | F3: 127212 | G3: 1427 | L3: 502 | M3: 4.34 | N3: 497 | P3: 18.65 | Q3: 19.316648 | R3: 115100 | S3: 17.586824 | T3: 21.056784 | U3: 25.134627
E4: 667 | F4: 136361 | G4: 1304 | L4: 507 | M4: 4.43 | N4: 502 | P4: 18.85 | Q4: 19.516648 | R4: 115200 | S4: 17.619642 | T4: 21.073089 | U4: 25.236433
L5: 512 | M5: 4.22 | N5: 507 | P5: 17.35 | Q5: 18.016648 | R5: 115300 | S5: 17.734407 | T5: 21.052342 | U5: 25.340853
L6: 517 | M6: 4.17 | N6: 512 | P6: 21.85 | Q6: 22.516648 | R6: 115400 | S6: 17.73475 | T6: 21.058225 | U6: 25.361821
L7: 522 | M7: 3.92 | N7: 517 | P7: 21.4 | Q7: 22.066648 | R7: 115500 | S7: 17.77683 | T7: 21.060791 | U7: 25.50798
L8: 527 | M8: 3.94 | N8: 522 | P8: 20.8 | Q8: 21.466648 | R8: 115600 | S8: 17.795535 | T8: 21.059447 | U8: 25.697493
L9: 531 | M9: 3.85 | N9: 527 | P9: 19.15 | Q9: 19.816648 | R9: 115700 | S9: 17.673676 | T9: 21.08821 | U9: 25.656848
L10: 537 | M10: 3.68 | N10: 531 | P10: 18.5 | Q10: 19.166648 | R10: 115800 | S10: 17.797044 | T10: 21.086761 | U10: 25.705859
L11: 542 | M11: 3.13 | N11: 537 | P11: 20.25 | Q11: 20.916648 | R11: 115900 | S11: 17.777076 | T11: 21.074568 | U11: 25.751753
L12: 547 | M12: 3.53 | N12: 542 | P12: 24.2 | Q12: 24.866648 | R12: 116000 | S12: 17.807796 | T12: 21.071782 | U12: 25.777542
L13: 552 | M13: 3.15 | N13: 547 | P13: 21.9 | Q13: 22.566648 | R13: 116100 | S13: 17.817519 | T13: 21.08239 | U13: 25.927003
L14: 557 | M14: 3.31 | N14: 552 | P14: 26.55 | Q14: 27.216648 | R14: 116200 | S14: 17.745505 | T14: 21.109031 | U14: 25.960999
L15: 562 | M15: 3.34 | N15: 557 | P15: 24.5 | Q15: 25.166648 | R15: 116300 | S15: 17.710888 | T15: 21.100337 | U15: 26.021527
L16: 567 | M16: 3.13 | N16: 567 | P16: 24.85 | Q16: 25.516648 | R16: 116400 | S16: 17.673106 | T16: 21.071536 | U16: 26.053989
... L20: 587 | M20: 3.47 | N20: 597 | P20: 19.05 | Q20: 19.716648 | R20: 116800 | S20: 17.702936 | T20: 21.130669 | U20: 26.318077
L21: 592 | M21: 3.89 | R21: 116900 | S21: 17.717222 | T21: 21.13612 | U21: 26.333741
L22: 597 | M22: 3.75 | R22: 117000 | S22: 17.745457 | T22: 21.182726 | U22: 26.289166
L23: 602 | M23: 4.26 | R23: 117100 | S23: 17.751332 | T23: 21.187338 | U23: 26.298363
L24: 607 | M24: 4.39 | R24: 117200 | S24: 17.790153 | T24: 21.169673 | U24: 26.329735
L25: 612 | M25: 3.94 | R25: 117300 | S25: 17.777571 | T25: 21.178216 | U25: 26.390384
L26: 617 | M26: 4.18 | R26: 117400 | S26: 17.738742 | T26: 21.179459 | U26: 26.411614
L27: 621 | M27: 4.59 | R27: 117500 | S27: 17.716722 | T27: 21.22163 | U27: 26.452521
L28: 627 | M28: 4.64 | R28: 117600 | S28: 17.782879 | T28: 21.20048 | U28: 26.478682
L29: 632 | M29: 4.59 | R29: 117700 | S29: 17.691723 | T29: 21.227377 | U29: 26.60875
L30: 637 | M30: 4.93 | R30: 117800 | S30: 17.765008 | T30: 21.282898 | U30: 26.664213
L31: 647 | M31: 4.8 | R31: 117900 | S31: 17.849458 | T31: 21.323133 | U31: 26.68169
L32: 657 | M32: 4.98 | R32: 118000 | S32: 17.843462 | T32: 21.370997 | U32: 26.752325
... L35: 682 | M35: 5.12 | R35: 118300 | S35: 17.761681 | T35: 21.456906 | U35: 26.725066
R36: 118400 | S36: 17.755795 | T36: 21.483063 | U36: 26.713801
R37: 118500 | S37: 17.758423 | T37: 21.497615 | U37: 26.711578
R38: 118600 | S38: 17.755888 | T38: 21.551359 | U38: 26.786658
R39: 118700 | S39: 17.799572 | T39: 21.60842 | U39: 26.909302
R40: 118800 | S40: 17.854812 | T40: 21.69096 | U40: 26.997865
R41: 118900 | S41: 17.865465 | T41: 21.78023 | U41: 26.964582
R42: 119000 | S42: 17.945164 | T42: 21.841651 | U42: 26.982368
R43: 119100 | S43: 17.946227 | T43: 21.925159 | U43: 27.011565
R44: 119200 | S44: 17.902386 | T44: 22.032291 | U44: 27.065105
R45: 119300 | S45: 17.972531 | T45: 22.133234 | U45: 27.003175
R46: 119400 | S46: 17.980579 | T46: 22.239787 | U46: 27.036879
R47: 119500 | S47: 17.921623 | T47: 22.339472 | U47: 27.156811
... R152: 130000 | S152: 18.100902 | T152: 22.359626 | U152: 26.808533

Sheet V28-127
A1: ID | B1: Longitude | C1: Latitude | D1: Proxy | E1: Tie Point Depth (cm) | F1: Tie Point Age (yr) | G1: Tie Point Uncertainty (yr) | H1: Hadley Bias Correction | I1: Hadley uncertainty | J1: TF Uncertainty | K1: SS Uncertainty | L1: Benthic d18O Depth (cm) | M1: Benthic d18O (per mil) | N1: Depth (cm) | O1: Proxy Value | P1: SST (ºC) | Q1: Biascorr | R1: Age (yr) | S1: SST -2sd | T1: SST mean | U1: SST +2sd
A2: V28-127 | B2: -80.13 | C2: 11.65 | D2: Foram | E2: 476 | F2: 111228 | G2: 1600 | H2: -0.24653013 | I2: 0.051446132 | J2: 1.4 | K2: =SQRT(J2^2+I2^2) -> 1.4009449 | L2: 452 | M2: 2.715 | N2: 464 | P2: 25.7 | Q2: 25.94653 | R2: 115000 | S2: 23.178991 | T2: 25.87603 | U2: 28.56747
E3: 508 | F3: 118723 | G3: 1520 | L3: 460 | M3: 2.916 | N3: 468 | P3: 26.8 | Q3: 27.04653 | R3: 115100 | S3: 23.251732 | T3: 25.911085 | U3: 28.610849
E4: 536 | F4: 127190 | G4: 1427 | L4: 467 | M4: 3.074 | N4: 472 | P4: 26.25 | Q4: 26.49653 | R4: 115200 | S4: 23.247672 | T4: 25.93494 | U4: 28.626043
E5: 557 | F5: 132130 | G5: 1361 | L5: 472 | M5: 3.001 | N5: 476 | P5: 26.15 | Q5: 26.39653 | R5: 115300 | S5: 23.259375 | T5: 25.966781 | U5: 28.623432
E6: 588 | F6: 136383 | G6: 1304 | L6: 476 | M6: 3.271 | N6: 484 | P6: 25.7 | Q6: 25.94653 | R6: 115400 | S6: 23.256431 | T6: 25.988479 | U6: 28.655707
E7: 604 | F7: 139396 | G7: 1333 | L7: 484 | M7: 3.21 | N7: 488 | P7: 24.4 | Q7: 24.64653 | R7: 115500 | S7: 23.27576 | T7: 26.015884 | U7: 28.709248
L8: 492 | M8: 3.1 | N8: 492 | P8: 25 | Q8: 25.24653 | R8: 115600 | S8: 23.248814 | T8: 26.043186 | U8: 28.727518
L9: 496 | M9: 3.231 | N9: 496 | P9: 26.2 | Q9: 26.44653 | R9: 115700 | S9: 23.272305 | T9: 26.095861 | U9: 28.700389
L10: 504 | M10: 2.915 | N10: 504 | P10: 27 | Q10: 27.24653 | R10: 115800 | S10: 23.299331 | T10: 26.149969 | U10: 28.743232
L11: 512 | M11: 2.324 | N11: 508 | P11: 26 | Q11: 26.24653 | R11: 115900 | S11: 23.346244 | T11: 26.185782 | U11: 28.78335
L12: 520 | M12: 2.354 | N12: 512 | P12: 25.7 | Q12: 25.94653 | R12: 116000 | S12: 23.326342 | T12: 26.203912 | U12: 28.81406
L13: 524 | M13: 2.314 | N13: 516 | P13: 26.35 | Q13: 26.59653 | R13: 116100 | S13: 23.368468 | T13: 26.257658 | U13: 28.862661
L14: 528 | M14: 2.236 | N14: 524 | P14: 26.1 | Q14: 26.34653 | R14: 116200 | S14: 23.404649 | T14: 26.28989 | U14: 28.839857
L15: 536 | M15: 2.132 | N15: 528 | P15: 25.95 | Q15: 26.19653 | R15: 116300 | S15: 23.596653 | T15: 26.311223 | U15: 28.846788
L16: 544 | M16: 2.221 | N16: 532 | P16: 27.25 | Q16: 27.49653 | R16: 116400 | S16: 23.717734 | T16: 26.346219 | U16: 28.814479
L17: 548 | M17: 2.286 | N17: 536 | P17: 27.9 | Q17: 28.14653 | R17: 116500 | S17: 23.747794 | T17: 26.373485 | U17: 28.803899
L18: 557 | M18: 3.33 | N18: 544 | P18: 26.45 | Q18: 26.69653 | R18: 116600 | S18: 23.838187 | T18: 26.401246 | U18: 28.802182
L19: 568 | M19: 3.679 | N19: 548 | P19: 27.35 | Q19: 27.59653 | R19: 116700 | S19: 23.831047 | T19: 26.414719 | U19: 28.797173
... L25: 600 | M25: 3.832 | N25: 576 | P25: 25.2 | Q25: 25.44653 | R25: 117300 | S25: 23.927563 | T25: 26.544147 | U25: 28.961484
L26: 604 | M26: 3.925 | R26: 117400 | S26: 23.947592 | T26: 26.54663 | U26: 28.999822
L27: 608 | M27: 3.694 | R27: 117500 | S27: 24.060958 | T27: 26.550689 | U27: 28.939311
L28: 612 | M28: 3.373 | R28: 117600 | S28: 24.047476 | T28: 26.554036 | U28: 28.953354
L29: 616 | M29: 3.695 | R29: 117700 | S29: 23.974048 | T29: 26.550456 | U29: 28.987329
L30: 620 | M30: 3.646 | R30: 117800 | S30: 23.994474 | T30: 26.557128 | U30: 28.988992
L31: 622 | M31: 3.793 | R31: 117900 | S31: 23.974153 | T31: 26.550335 | U31: 28.952047
L32: 628 | M32: 3.723 | R32: 118000 | S32: 24.028228 | T32: 26.549492 | U32: 28.933931
R33: 118100 | S33: 24.074224 | T33: 26.533281 | U33: 28.896394
R34: 118200 | S34: 24.090221 | T34: 26.533605 | U34: 28.940643
R35: 118300 | S35: 24.109289 | T35: 26.506746 | U35: 28.954529
R36: 118400 | S36: 24.123703 | T36: 26.500076 | U36: 28.961401
R37: 118500 | S37: 24.098541 | T37: 26.499151 | U37: 28.928331
R38: 118600 | S38: 24.059125 | T38: 26.48999 | U38: 28.884994
R39: 118700 | S39: 24.029938 | T39: 26.457482 | U39: 28.832273
R40: 118800 | S40: 24.011244 | T40: 26.429816 | U40: 28.826809
R41: 118900 | S41: 24.057049 | T41: 26.403201 | U41: 28.771672
R42: 119000 | S42: 24.101159 | T42: 26.385035 | U42: 28.690623
R43: 119100 | S43: 24.095383 | T43: 26.375315 | U43: 28.642703
R44: 119200 | S44: 24.038249 | T44: 26.376447 | U44: 28.642631
... R152: 130000 | S152: 23.979866 | T152: 26.473368 | U152: 29.049339

Sheet MD03-2707
A1: ID | B1: Longitude | C1: Latitude | D1: Proxy | E1: Tie Point Depth (cm) | F1: Tie Point Age (yr) | G1: Tie Point Uncertainty (yr) | H1: Hadley Bias Correction | I1: Hadley uncertainty | J1: TF Uncertainty | K1: SS Uncertainty | L1: Benthic d18O Depth (cm) | M1: Benthic d18O (per mil) | N1: Depth (cm) | O1: Proxy Value | P1: SST (ºC) | Q1: Biascorr | R1: Age (yr) | S1: SST -2sd | T1: SST mean | U1: SST +2sd
A2: MD03-2707 | B2: 9.39 | C2: 2.5 | D2: MgCa | E2: 2809 | F2: 118690 | G2: 1520 | L2: 2795.5 | M2: 3.34 | N2: 2805.5 | O2: 4.03 | R2: 115000 | S2: 24.436277 | T2: 26.353168 | U2: 28.091435
E3: 3060 | F3: 127212 | G3: 1427 | L3: 2800.5 | M3: 3.38 | N3: 2810.5 | O3: 4.06 | R3: 115100 | S3: 24.788293 | T3: 26.325022 | U3: 28.020185
E4: 3200 | F4: 136383 | G4: 1304 | L4: 2805.5 | M4: 3.33 | N4: 2815.5 | O4: 3.8 | R4: 115200 | S4: 24.710523 | T4: 26.354825 | U4: 28.245669
L5: 2810.5 | M5: 3.29 | N5: 2820.5 | O5: 4 | R5: 115300 | S5: 24.732031 | T5: 26.270305 | U5: 28.142313
L6: 2815.5 | M6: 3.2 | N6: 2825.5 | O6: 3.77 | R6: 115400 | S6: 24.547991 | T6: 26.321176 | U6: 28.010812
L7: 2820.5 | M7: 3.21 | N7: 2830.5 | O7: 3.89 | R7: 115500 | S7: 24.666114 | T7: 26.280626 | U7: 28.346069
L8: 2830.5 | M8: 3.21 | N8: 2835.5 | O8: 3.68 | R8: 115600 | S8: 24.557699 | T8: 26.125665 | U8: 27.906855
L9: 2835.5 | M9: 3.13 | N9: 2840.5 | O9: 4.14 | R9: 115700 | S9: 24.74083 | T9: 26.197499 | U9: 27.906905
L10: 2840.5 | M10: 3.43 | N10: 2845.5 | O10: 3.63 | R10: 115800 | S10: 24.765348 | T10: 26.180199 | U10: 28.043273
L11: 2845.5 | M11: 3.39 | N11: 2850.5 | O11: 3.74 | R11: 115900 | S11: 24.611437 | T11: 26.181247 | U11: 27.879062
L12: 2850.5 | M12: 3.17 | N12: 2855.5 | O12: 3.75 | R12: 116000 | S12: 24.498103 | T12: 26.163086 | U12: 28.031695
L13: 2855.5 | M13: 3.41 | N13: 2860.5 | O13: 3.57 | R13: 116100 | S13: 24.722752 | T13: 26.117677 | U13: 27.966666
L14: 2860.5 | M14: 2.71 | N14: 2865.5 | O14: 3.95 | R14: 116200 | S14: 24.596424 | T14: 26.096871 | U14: 27.903007
L15: 2865.5 | M15: 3.3 | N15: 2870.5 | O15: 3.93 | R15: 116300 | S15: 24.413708 | T15: 26.132882 | U15: 28.040699
L16: 2870.5 | M16: 3.31 | N16: 2875.5 | O16: 3.91 | R16: 116400 | S16: 24.402395 | T16: 26.152342 | U16: 27.945579
... L79: 3525.5 | M79: 4.37 | N79: 3215.5 | O79: 3.07 | R79: 122700 | S79: 24.131785 | T79: 26.077034 | U79: 28.078404
N80: 3220.5 | O80: 3.27 | R80: 122800 | S80: 24.222196 | T80: 26.102649 | U80: 28.115294
R81: 122900 | S81: 24.219732 | T81: 26.149844 | U81: 28.283997
R82: 123000 | S82: 24.208661 | T82: 26.165208 | U82: 28.383471
R83: 123100 | S83: 24.248502 | T83: 26.196708 | U83: 28.365946
R84: 123200 | S84: 24.323948 | T84: 26.228925 | U84: 28.359391
R85: 123300 | S85: 24.293847 | T85: 26.246498 | U85: 28.411349
R86: 123400 | S86: 24.269116 | T86: 26.320685 | U86: 28.315098
R87: 123500 | S87: 24.358226 | T87: 26.317219 | U87: 28.38684
R88: 123600 | S88: 24.309455 | T88: 26.288943 | U88: 28.36843
R89: 123700 | S89: 24.408477 | T89: 26.329203 | U89: 28.41742
R90: 123800 | S90: 24.419858 | T90: 26.339172 | U90: 28.434973
R91: 123900 | S91: 24.505573 | T91: 26.344079 | U91: 28.413451
R92: 124000 | S92: 24.443217 | T92: 26.41863 | U92: 28.396591
... R152: 130000 | S152: 23.997854 | T152: 26.075786 | U152: 28.253592

Sheet V25-59
A1: ID | B1: Longitude | C1: Latitude | D1: Proxy | E1: Tie Point Depth (cm) | F1: Tie Point Age (yr) | G1: Tie Point Uncertainty (yr) | H1: Hadley Bias Correction | I1: Hadley uncertainty | J1: TF Uncertainty | K1: SS Uncertainty | L1: Benthic d18O Depth (cm) | M1: Benthic d18O (per mil) | N1: Depth (cm) | O1: Proxy Value | P1: SST (ºC) | Q1: Biascorr | R1: Age (yr) | S1: SST -2sd | T1: SST mean | U1: SST +2sd
A2: V25-59 | B2: -33.48 | C2: 1.37 | D2: Foram | E2: 305 | F2: 107814 | G2: 1395 | H2: ='HadSST & SynTrACE Bias Estimate'!D20 -> -0.23980118 | I2: ='HadSST & SynTrACE Bias Estimate'!E20 -> 0.081277333 | J2: 1.2 | K2: =SQRT(J2^2+I2^2) -> 1.2027494 | L2: 220 | M2: 3.92 | N2: 300 | P2: 25.48 | Q2: 25.719801 | R2: 115000 | S2: 23.562 | T2: 25.37513 | U2: 27.324402
E3: 315 | F3: 111219 | G3: 1600 | L3: 222.5 | M3: 4.18 | N3: 302.5 | P3: 25.33 | Q3: 25.569801 | R3: 115100 | S3: 23.53382 | T3: 25.376897 | U3: 27.317465
E4: 337 | F4: 127204 | G4: 1427 | L4: 225 | M4: 4 | N4: 305 | P4: 25.47 | Q4: 25.709801 | R4: 115200 | S4: 23.48153 | T4: 25.37028 | U4: 27.300998
E5: 352 | F5: 131358 | G5: 1374 | L5: 230 | M5: 3.74 | N5: 307.5 | P5: 25.325 | Q5: 25.564801 | R5: 115300 | S5: 23.480647 | T5: 25.389715 | U5: 27.294044
E6: 363 | F6: 136361 | G6: 1304 | L6: 232.5 | M6: 3.7 | N6: 310 | P6: 25.685 | Q6: 25.924801 | R6: 115400 | S6: 23.527846 | T6: 25.383985 | U6: 27.285146
L7: 237.5 | M7: 3.8 | N7: 312.5 | P7: 25.81 | Q7: 26.049801 | R7: 115500 | S7: 23.486399 | T7: 25.389284 | U7: 27.291695
L8: 240 | M8: 4.06 | N8: 315 | P8: 25.315 | Q8: 25.554801 | R8: 115600 | S8: 23.521084 | T8: 25.393091 | U8: 27.32675
L9: 242.5 | M9: 3.93 | N9: 317.5 | P9: 25.27 | Q9: 25.509801 | R9: 115700 | S9: 23.544589 | T9: 25.406711 | U9: 27.345038
L10: 247.5 | M10: 4.08 | N10: 320 | P10: 25.145 | Q10: 25.384801 | R10: 115800 | S10: 23.549934 | T10: 25.413462 | U10: 27.365464
L11: 252.5 | M11: 4.07 | N11: 322.5 | P11: 25.315 | Q11: 25.554801 | R11: 115900 | S11: 23.573029 | T11: 25.429554 | U11: 27.360496
L12: 255 | M12: 3.87 | N12: 325 | P12: 25.545 | Q12: 25.784801 | R12: 116000 | S12: 23.538864 | T12: 25.40201 | U12: 27.381922
L13: 257.5 | M13: 3.85 | N13: 327.5 | P13: 25.38 | Q13: 25.619801 | R13: 116100 | S13: 23.584476 | T13: 25.420582 | U13: 27.400616
L14: 260 | M14: 3.8 | N14: 330 | P14: 25.335 | Q14: 25.574801 | R14: 116200 | S14: 23.620674 | T14: 25.434452 | U14: 27.424653
L15: 262.5 | M15: 3.8 | N15: 332.5 | P15: 25.745 | Q15: 25.984801 | R15: 116300 | S15: 23.626319 | T15: 25.423173 | U15: 27.453504
L16: 265 | M16: 3.74 | N16: 335 | P16: 25.565 | Q16: 25.804801 | R16: 116400 | S16: 23.619053 | T16: 25.436206 | U16: 27.415511
L17: 270 | M17: 3.59 | N17: 337.5 | P17: 26.345 | Q17: 26.584801 | R17: 116500 | S17: 23.63137 | T17: 25.454007 | U17: 27.414651
L18: 272.5 | M18: 3.75 | N18: 340 | P18: 25.43 | Q18: 25.669801 | R18: 116600 | S18: 23.632986 | T18: 25.466159 | U18: 27.439762
... L42: 342.5 | M42: 3.33 | N42: 400 | P42: 26.09 | Q42: 26.329801 | R42: 119000 | S42: 23.662396 | T42: 25.561329 | U42: 27.527666
L43: 345 | M43: 3.51 | R43: 119100 | S43: 23.692854 | T43: 25.555455 | U43: 27.463893
L44: 347.5 | M44: 3.36 | R44: 119200 | S44: 23.701351 | T44: 25.548417 | U44: 27.45342
L45: 350 | M45: 3.61 | R45: 119300 | S45: 23.707269 | T45: 25.559214 | U45: 27.397082
L46: 352.5 | M46: 3.77 | R46: 119400 | S46: 23.678222 | T46: 25.570182 | U46: 27.452892
L47: 355 | M47: 3.7 | R47: 119500 | S47: 23.67842 | T47: 25.571496 | U47: 27.439429
L48: 357.5 | M48: 3.73 | R48: 119600 | S48: 23.646509 | T48: 25.584398 | U48: 27.415023
L49: 360 | M49: 4.23 | R49: 119700 | S49: 23.64765 | T49: 25.564444 | U49: 27.38834
L50: 362.5 | M50: 4.75 | R50: 119800 | S50: 23.627338 | T50: 25.553053 | U50: 27.398283
L51: 365 | M51: 4.22 | R51: 119900 | S51: 23.65309 | T51: 25.563342 | U51: 27.414749
L52: 367.5 | M52: 4.26 | R52: 120000 | S52: 23.706175 | T52: 25.557164 | U52: 27.409012
L53: 370 | M53: 4.53 | R53: 120100 | S53: 23.738425 | T53: 25.556103 | U53: 27.373917
L54: 372.5 | M54: 4.59 | R54: 120200 | S54: 23.767935 | T54: 25.553112 | U54: 27.387689
... L84: 460 | M84: 4.54 | R84: 123200 | S84: 23.763699 | T84: 25.768988 | U84: 27.640183
R85: 123300 | S85: 23.757389 | T85: 25.774037 | U85: 27.622804
R86: 123400 | S86: 23.784886 | T86: 25.788486 | U86: 27.639753
R87: 123500 | S87: 23.806968 | T87: 25.792928 | U87: 27.683583
R88: 123600 | S88: 23.824786 | T88: 25.793652 | U88: 27.708436
R89: 123700 | S89: 23.800253 | T89: 25.793079 | U89: 27.725511
R90: 123800 | S90: 23.798782 | T90: 25.801049 | U90: 27.759261
R91: 123900 | S91: 23.790615 | T91: 25.815065 | U91: 27.793643
R92: 124000 | S92: 23.741696 | T92: 25.823287 | U92: 27.807409
R93: 124100 | S93: 23.762338 | T93: 25.818731 | U93: 27.903269
R94: 124200 | S94: 23.740264 | T94: 25.844629 | U94: 27.907557
R95: 124300 | S95: 23.780666 | T95: 25.851894 | U95: 27.871338
R96: 124400 | S96: 23.815136 | T96: 25.868146 | U96: 27.86323
... R152: 130000 | S152: 23.342173 | T152: 25.319413 | U152: 27.317014

Sheet PAC Data Read Me
A1: All PAC (Pacific Ocean) site metadata, including the original references for data included in this compilation, is available in Table S1 & S2. Provided in each site-specific sheet are the: 1) Depth of Tie Point Age (cm), Tie Point Age (yr), and Tie Point Uncertainty (yr, where tie point age uncertainty was derived from interpolating the basin reference core [see 'Reference Core Tie Points'] Speleo-Age uncertainty estimated from Barker et al. (2011)); 2) (if applicable) the HadSST1.1-derived bias correction magnitude (in °C, see all corrections listed by latitude in 'HadSST & SynTrACE Bias Estimate'), the uncertainty on this bias, the original reference transfer function uncertainty (for Foraminiferal [Foram], Rad [Radiolarian], or Cocc [Coccolithophore]-based transfer functions), and the estimated sum of the squared bias & TF uncertainties used to perturb the SST record; 3) the core site benthic oxygen isotope record on the depth scale that was used to align the record to the basin reference oxygen isotope record; 4) the published SST reconstruction(s) on the depth scale (may be >1), labeled as Depth (cm), Proxy SST, where Proxy can be Foram (foraminiferal transfer function), Cocc (coccolithophore TF), Rad (radiolarian TF), Mg/Ca (in mmol/mol where reported), or UK37 (in unsaturation ratio where reported). If a bias correction was applied, those records include another column "Proxy SST_biascorr"; 5) the SST & age uncertainty-perturbed SST reconstruction(s) at 100-yr resolution, listed as Age (yr), Proxy SST -2sd, Proxy SST mean, Proxy SST +2sd.

Sheet Y7211-1
A1: ID | B1: Longitude | C1: Latitude | D1: Proxy | E1: Tie Point Depth (cm) | F1: Tie Point Age (yr) | G1: Tie Point Uncertainty (yr) | H1: Hadley Bias Correction | I1: Hadley uncertainty | J1: TF Uncertainty | K1: SS Uncertainty | L1: Benthic d18O Depth (cm) | M1: Benthic d18O (per mil) | N1: Depth (cm) | O1: Proxy Value | P1: SST (ºC) | Q1: Biascorr | R1: Age (yr) | S1: SST -2sd | T1: SST mean | U1: SST +2sd
A2: Y7211-1 | B2: -126.38 | C2: 43.25 | D2: Radiolaria | E2: 1175 | F2: 111215 | G2: 1597 | H2: 0.23601079 | I2: 0.25513309 | J2: 1.8 | K2: 1.8179914 | L2: 1145 | M2: 4.05 | N2: 1116 | P2: 12.2 | Q2: 11.963989 | R2: 115000 | S2: 7.8746177 | T2: 11.060511 | U2: 14.522125
E3: 1227 | F3: 128711 | G3: 1484 | L3: 1155 | M3: 3.98 | N3: 1121 | P3: 9.9 | Q3: 9.6639892 | R3: 115100 | S3: 7.8925145 | T3: 11.105087 | U3: 14.525397
E4: 1275 | F4: 137325 | G4: 1500 | L4: 1160 | M4: 3.65 | N4: 1126 | P4: 10.35 | Q4: 10.113989 | R4: 115200 | S4: 7.8482057 | T4: 11.100772 | U4: 14.581524
L5: 1170 | M5: 4.01 | N5: 1131 | P5: 8.85 | Q5: 8.6139892 | R5: 115300 | S5: 7.9214429 | T5: 11.129341 | U5: 14.49805
L6: 1175 | M6: 4.27 | N6: 1136 | P6: 8.45 | Q6: 8.2139892 | R6: 115400 | S6: 7.9771777 | T6: 11.116538 | U6: 14.556423
L7: 1180 | M7: 3.28 | N7: 1141 | P7: 12.45 | Q7: 12.213989 | R7: 115500 | S7: 7.9459619 | T7: 11.122024 | U7: 14.649867
L8: 1195 | M8: 3.78 | N8: 1146 | P8: 12.05 | Q8: 11.813989 | R8: 115600 | S8: 7.8864549 | T8: 11.096573 | U8: 14.826447
L9: 1200 | M9: 3.245 | N9: 1151 | P9: 11 | Q9: 10.763989 | R9: 115700 | S9: 7.9331534 | T9: 11.090307 | U9: 14.798788
L10: 1205 | M10: 3.25 | N10: 1156 | P10: 12.6 | Q10: 12.363989 | R10: 115800 | S10: 7.9581661 | T10: 11.141078 | U10: 14.805613
L11: 1215 | M11: 3.34 | N11: 1161 | P11: 12.1 | Q11: 11.863989 | R11: 115900 | S11: 7.9406873 | T11: 11.149439 | U11: 14.750872
L12: 1225 | M12: 3.57 | N12: 1166 | P12: 12.85 | Q12: 12.613989 | R12: 116000 | S12: 7.8266049 | T12: 11.187238 | U12: 14.816321
L13: 1227 | M13: 3.34 | N13: 1171 | P13: 13.3 | Q13: 13.063989 | R13: 116100 | S13: 7.8613508 | T13: 11.165029 | U13: 14.818492
L14: 1235 | M14: 4.22 | N14: 1176 | P14: 10.4 | Q14: 10.163989 | R14: 116200 | S14: 7.8005238 | T14: 11.17612 | U14: 14.803152
L15: 1240 | M15: 3.89 | N15: 1181 | P15: 11.6 | Q15: 11.363989 | R15: 116300 | S15: 7.8376481 | T15: 11.170836 | U15: 14.837449
L16: 1242 | M16: 4.41 | N16: 1186 | P16: 10.6 | Q16: 10.363989 | R16: 116400 | S16: 7.9026122 | T16: 11.164946 | U16: 14.830506
... L38: 1300 | M38: 4.58 | N38: 1296 | P38: 10.3 | Q38: 10.063989 | R38: 118600 | S38: 7.8211883 | T38: 11.415317 | U38: 15.948669
N39: 1301 | P39: 10.25 | Q39: 10.013989 | R39: 118700 | S39: 7.7961269 | T39: 11.468824 | U39: 16.028607
N40: 1306 | P40: 9.1 | Q40: 8.8639892 | R40: 118800 | S40: 7.75734 | T40: 11.475056 | U40: 16.058348
N41: 1311 | P41: 7.3 | Q41: 7.0639892 | R41: 118900 | S41: 7.7582092 | T41: 11.522209 | U41: 16.058686
R42: 119000 | S42: 7.7970388 | T42: 11.549446 | U42: 16.08612
R43: 119100 | S43: 7.8437374 | T43: 11.591796 | U43: 16.140475
R44: 119200 | S44: 7.7717806 | T44: 11.646652 | U44: 16.122917
R45: 119300 | S45: 7.7708254 | T45: 11.705294 | U45: 16.207768
R46: 119400 | S46: 7.8088305 | T46: 11.742761 | U46: 16.212963
R47: 119500 | S47: 7.8424221 | T47: 11.787709 | U47: 16.247768
R48: 119600 | S48: 7.8761879 | T48: 11.850501 | U48: 16.269548
R49: 119700 | S49: 7.7974647 | T49: 11.919925 | U49: 16.293411
R50: 119800 | S50: 7.7843883 | T50: 11.97325 | U50: 16.324811
R51: 119900 | S51: 7.7370583 | T51: 12.003581 | U51: 16.439623
R52: 120000 | S52: 7.6863326 | T52: 12.042121 | U52: 16.506908
R53: 120100 | S53: 7.7377508 | T53: 12.07565 | U53: 16.518538
... R152: 130000 | S152: 9.1685376 | T152: 15.966196 | U152: 20.886472

Sheet ODP1020
A1: ID | B1: Longitude | C1: Latitude | D1: Proxy | E1: Tie Point Depth (cm) | F1: Tie Point Age (yr) | G1: Tie Point Uncertainty (yr) | H1: Hadley Bias Correction | I1: Hadley uncertainty | J1: TF Uncertainty | K1: SS Uncertainty | L1: Benthic d18O Depth (cm) | M1: Benthic d18O (per mil) | N1: Depth (cm) | O1: Proxy Value | P1: SST (ºC) | Q1: Biascorr | R1: Age (yr) | S1: SST -2sd | T1: SST mean | U1: SST +2sd
A2: ODP 1020 | B2: -126.43 | C2: 41 | D2: UK37 | E2: 1385 | F2: 111248 | G2: 1600 | L2: 1185 | M2: 4.48 | N2: 1188 | P2: 0.326 | R2: 115000 | S2: 8.5204752 | T2: 9.5807409 | U2: 13.20593
E3: 1522 | F3: 128722 | G3: 1484 | L3: 1205 | M3: 4.44 | N3: 1213 | P3: 0.4 | R3: 115100 | S3: 8.5194175 | T3: 9.5917399 | U3: 13.317708
E4: 1637 | F4: 137325 | G4: 1500 | L4: 1225 | M4: 4.37 | N4: 1238 | P4: 0.362 | R4: 115200 | S4: 8.5250548 | T4: 9.6094105 | U4: 13.344532
L5: 1232 | M5: 4.425 | N5: 1275 | P5: 0.378 | R5: 115300 | S5: 8.5398133 | T5: 9.6278034 | U5: 13.413242
L6: 1245 | M6: 4.29 | N6: 1300 | P6: 0.373 | R6: 115400 | S6: 8.5403134 | T6: 9.6476951 | U6: 13.490161
L7: 1252 | M7: 4.28 | N7: 1319 | P7: 0.396 | R7: 115500 | S7: 8.5336125 | T7: 9.6658048 | U7: 13.563935
L8: 1265 | M8: 4.195 | N8: 1325 | P8: 0.348 | R8: 115600 | S8: 8.5186572 | T8: 9.6840193 | U8: 13.57676
L9: 1272 | M9: 4.27 | N9: 1350 | P9: 0.378 | R9: 115700 | S9: 8.5305462 | T9: 9.7043395 | U9: 13.599861
L10: 1285 | M10: 4.105 | N10: 1375 | P10: 0.355 | R10: 115800 | S10: 8.5526273 | T10: 9.7262397 | U10: 13.631275
L11: 1292 | M11: 4.13 | N11: 1405 | P11: 0.349 | R11: 115900 | S11: 8.5596531 | T11: 9.7474329 | U11: 13.718174
L12: 1305 | M12: 4.125 | N12: 1430 | P12: 0.375 | R12: 116000 | S12: 8.5855118 | T12: 9.7620438 | U12: 13.75635
L13: 1312 | M13: 4.265 | N13: 1455 | P13: 0.422 | R13: 116100 | S13: 8.6105117 | T13: 9.7807653 | U13: 13.808508
L14: 1325 | M14: 4.03 | N14: 1474 | P14: 0.487 | R14: 116200 | S14: 8.6179974 | T14: 9.8069543 | U14: 13.912588
L15: 1332 | M15: 4.3 | N15: 1480 | P15: 0.503 | R15: 116300 | S15: 8.6233279 | T15: 9.8399699 | U15: 13.946231
L16: 1345 | M16: 4.05 | N16: 1505 | P16: 0.518 | R16: 116400 | S16: 8.6225293 | T16: 9.8667789 | U16: 14.015496
... L35: 1432 | M35: 3.88 | N35: 1973 | P35: 0.26 | R35: 118300 | S35: 8.809215 | T35: 10.555158 | U35: 14.525071
L36: 1441 | M36: 3.705 | R36: 118400 | S36: 8.8221877 | T36: 10.594413 | U36: 14.525354
L37: 1457 | M37: 4.13 | R37: 118500 | S37: 8.840432 | T37: 10.63612 | U37: 14.549693
L38: 1467 | M38: 3.34 | R38: 118600 | S38: 8.8394259 | T38: 10.676035 | U38: 14.580352
L39: 1477 | M39: 3.55 | R39: 118700 | S39: 8.8567003 | T39: 10.723187 | U39: 14.591439
L40: 1479 | M40: 3.21 | R40: 118800 | S40: 8.866446 | T40: 10.766646 | U40: 14.598996
L41: 1487 | M41: 3.37 | R41: 118900 | S41: 8.8645886 | T41: 10.812874 | U41: 14.614083
L42: 1497 | M42: 3.095 | R42: 119000 | S42: 8.8618543 | T42: 10.858327 | U42: 14.631226
L43: 1517 | M43: 3.06 | R43: 119100 | S43: 8.8617324 | T43: 10.908265 | U43: 14.648907
L44: 1522 | M44: 3.01 | R44: 119200 | S44: 8.8650469 | T44: 10.961489 | U44: 14.666319
L45: 1527 | M45: 3.1 | R45: 119300 | S45: 8.9057975 | T45: 11.013221 | U45: 14.692325
L46: 1532 | M46: 3.12 | R46: 119400 | S46: 8.9185977 | T46: 11.065994 | U46: 14.697106
L47: 1537 | M47: 3.197 | R47: 119500 | S47: 8.9123911 | T47: 11.123674 | U47: 14.704114
... L73: 1985 | M73: 4.9 | R73: 122100 | S73: 9.2767257 | T73: 13.027186 | U73: 14.998014
R74: 122200 | S74: 9.2983007 | T74: 13.092816 | U74: 15.016941
R75: 122300 | S75: 9.3225237 | T75: 13.158315 | U75: 15.03619
R76: 122400 | S76: 9.3450089 | T76: 13.224841 | U76: 15.035397
R77: 122500 | S77: 9.3570461 | T77: 13.28155 | U77: 15.063694
R78: 122600 | S78: 9.3614104 | T78: 13.343555 | U78: 15.056696
R79: 122700 | S79: 9.3666361 | T79: 13.37649 | U79: 15.082933
R80: 122800 | S80: 9.3709186 | T80: 13.438221 | U80: 15.096498
R81: 122900 | S81: 9.3848103 | T81: 13.477015 | U81: 15.102278
R82: 123000 | S82: 9.4174247 | T82: 13.509144 | U82: 15.100137
R83: 123100 | S83: 9.4436628 | T83: 13.547249 | U83: 15.090053
R84: 123200 | S84: 9.4682768 | T84: 13.575792 | U84: 15.079331
R85: 123300 | S85: 9.4860755 | T85: 13.607008 | U85: 15.073332
... R152: 130000 | S152: 9.1139163 | T152: 13.364238 | U152: 15.172087

Sheet ODP1018
A1: ID | B1: Longitude | C1: Latitude | D1: Proxy | E1: Tie Point Depth (cm) | F1: Tie Point Age (yr) | G1: Tie Point Uncertainty (yr) | H1: Hadley Bias Correction | I1: Hadley uncertainty | J1: TF Uncertainty | K1: SS Uncertainty | L1: Benthic d18O Depth (cm) | M1: Benthic d18O (per mil) | N1: Depth (cm) | O1: Proxy Value | P1: SST (ºC) | Q1: Biascorr | R1: Age (yr) | S1: SST -2sd | T1: SST mean | U1: SST +2sd
A2: ODP 1018 | B2: -123.27 | C2: 36.99 | D2: UK37 | E2: 2429 | F2: 111257 | G2: 1600 | L2: 1529 | M2: 4.49 | N2: 2407.5 | P2: 17.6 | R2: 115000 | S2: 8.6598432 | T2: 12.577096 | U2: 21.112215
E3: 2705 | F3: 128736 | G3: 1485 | L3: 1538 | M3: 4.6 | N3: 2416.5 | P3: 14.1 | R3: 115100 | S3: 8.6414284 | T3: 12.569239 | U3: 21.126797
E4: 2962 | F4: 137359 | G4: 1500 | L4: 1549 | M4: 4.6 | N4: 2427.5 | P4: 17.7 | R4: 115200 | S4: 8.5385812 | T4: 12.573363 | U4: 21.110722
L5: 1558 | M5: 4.76 | N5: 2436.5 | P5: 16.3 | R5: 115300 | S5: 8.4295449 | T5: 12.567737 | U5: 21.206404
L6: 1578 | M6: 5.17 | N6: 2450 | P6: 21.8 | R6: 115400 | S6: 8.4625697 | T6: 12.525344 | U6: 21.075636
L7: 1589 | M7: 4.55 | N7: 2456.5 | P7: 16.2 | R7: 115500 | S7: 8.3378588 | T7: 12.421264 | U7: 20.957942
L8: 1605 | M8: 4.36 | N8: 2467.5 | P8: 11.5 | R8: 115600 | S8: 8.3937793 | T8: 12.386551 | U8: 20.83728
L9: 1625 | M9: 4.6 | N9: 2476.5 | P9: 10 | R9: 115700 | S9: 8.3733273 | T9: 12.38225 | U9: 20.824052
L10: 1645 | M10: 4.45 | N10: 2487.5 | P10: 11.8 | R10: 115800 | S10: 8.3439621 | T10: 12.344955 | U10: 20.868072
L11: 1685 | M11: 4.27 | N11: 2496.5 | P11: 12.3 | R11: 115900 | S11: 8.3410497 | T11: 12.274048 | U11: 20.836866
L12: 1705 | M12: 4.63 | N12: 2510 | P12: 10.7 | R12: 116000 | S12: 8.3306092 | T12: 12.291819 | U12: 20.844946
L13: 1725 | M13: 4.66 | N13: 2516.5 | P13: 8.3 | R13: 116100 | S13: 8.4062555 | T13: 12.312256 | U13: 20.917319
L14: 1745 | M14: 4.14 | N14: 2527.5 | P14: 10.4 | R14: 116200 | S14: 8.4272449 | T14: 12.313973 | U14: 20.887706
L15: 1765 | M15: 3.94 | N15: 2547.5 | P15: 16.6 | R15: 116300 | S15: 8.3670664 | T15: 12.297243 | U15: 20.80589
L16: 1785 | M16: 4.28 | N16: 2556.5 | P16: 14.2 | R16: 116400 | S16: 8.2973185 | T16: 12.308241 | U16: 20.820038
... L39: 2128 | M39: 4.19 | N39: 2889.5 | P39: 10.8 | R39: 118700 | S39: 8.6866375 | T39: 15.065584 | U39: 20.076496
L40: 2188 | M40: 4.59 | R40: 118800 | S40: 8.76076 | T40: 15.182797 | U40: 20.016999
L41: 2217 | M41: 4.12 | R41: 118900 | S41: 8.7850976 | T41: 15.204821 | U41: 20.113104
L42: 2228 | M42: 4.34 | R42: 119000 | S42: 8.7662142 | T42: 15.271849 | U42: 20.05751
L43: 2237 | M43: 4.03 | R43: 119100 | S43: 8.8690133 | T43: 15.344947 | U43: 20.131094
L44: 2248 | M44: 4.05 | R44: 119200 | S44: 8.9170255 | T44: 15.463971 | U44: 20.147318
L45: 2257 | M45: 3.78 | R45: 119300 | S45: 8.9729187 | T45: 15.543152 | U45: 20.141901
L46: 2277 | M46: 3.99 | R46: 119400 | S46: 8.9389437 | T46: 15.591132 | U46: 20.09811
L47: 2288 | M47: 3.99 | R47: 119500 | S47: 8.9364115 | T47: 15.628327 | U47: 20.062811
L48: 2308 | M48: 3.99 | R48: 119600 | S48: 8.8461443 | T48: 15.693884 | U48: 20.081428
L49: 2317 | M49: 4.02 | R49: 119700 | S49: 9.027904 | T49: 15.752946 | U49: 20.105647
L50: 2357 | M50: 3.9 | R50: 119800 | S50: 8.9285197 | T50: 15.816742 | U50: 20.14144
L51: 2368 | M51: 4.01 | R51: 119900 | S51: 9.0104953 | T51: 15.868975 | U51: 20.156954
... L93: 3100 | M93: 5.22 | R93: 124100 | S93: 11.059448 | T93: 16.501128 | U93: 21.085759
R94: 124200 | S94: 11.18417 | T94: 16.490039 | U94: 21.075774
R95: 124300 | S95: 11.292244 | T95: 16.536994 | U95: 21.081315
R96: 124400 | S96: 11.266715 | T96: 16.578377 | U96: 21.068114
R97: 124500 | S97: 11.309088 | T97: 16.567915 | U97: 20.987013
R98: 124600 | S98: 11.234972 | T98: 16.577422 | U98: 20.958942
R99: 124700 | S99: 11.234274 | T99: 16.554666 | U99: 20.958203
R100: 124800 | S100: 11.17501 | T100: 16.581265 | U100: 20.976211
R101: 124900 | S101: 11.144428 | T101: 16.616671 | U101: 21.037627
R102: 125000 | S102: 11.174674 | T102: 16.680385 | U102: 21.118879
R103: 125100 | S103: 11.241177 | T103: 16.651195 | U103: 21.099864
R104: 125200 | S104: 11.287464 | T104: 16.697469 | U104: 21.125592
R105: 125300 | S105: 11.389672 | T105: 16.744191 | U105: 21.119385
... R152: 130000 | S152: 10.019964 | T152: 11.890759 | U152: 17.385054

Sheet MD01-2421
A1: ID | B1: Longitude | C1: Latitude | D1: Proxy | E1: Tie Point Depth (cm) | F1: Tie Point Age (yr) | G1: Tie Point Uncertainty (yr) | H1: Hadley Bias Correction | I1: Hadley uncertainty | J1: TF Uncertainty | K1: SS Uncertainty | L1: Benthic d18O Depth (cm) | M1: Benthic d18O (per mil) | N1: Depth (cm) | O1: Proxy Value | P1: SST (ºC) | Q1: Biascorr | R1: Age (yr) | S1: SST -2sd | T1: SST mean | U1: SST +2sd
A2: MD01-2421 | B2: 141.78 | C2: 36.02 | D2: UK37 | E2: 3494 | F2: 111288 | G2: 1600 | L2: 2474 | M2: 4.348 | N2: 3386.762 | P2: 0.753 | R2: 115000 | S2: 17.922435 | T2: 20.348243 | U2: 23.377312
E3: 4022 | F3: 128745 | G3: 1485 | L3: 2493 | M3: 4.22 | N3: 3424.258 | P3: 0.739 | R3: 115100 | S3: 17.893408 | T3: 20.367824 | U3: 23.41924
E4: 4429 | F4: 137357 | G4: 1500 | L4: 2513 | M4: 4.447 | N4: 3434.135 | P4: 0.699 | R4: 115200 | S4: 17.889653 | T4: 20.389174 | U4: 23.430343
L5: 2535 | M5: 4.56 | N5: 3493.788 | P5: 0.706 | R5: 115300 | S5: 17.965995 | T5: 20.393299 | U5: 23.428992
L6: 2545 | M6: 4.67 | N6: 3533.8 | P6: 0.739 | R6: 115400 | S6: 17.968432 | T6: 20.373136 | U6: 23.427071
L7: 2565 | M7: 4.419 | N7: 3573.775 | P7: 0.711 | R7: 115500 | S7: 17.968359 | T7: 20.355191 | U7: 23.472202
L8: 2585 | M8: 4.332 | N8: 3583.775 | P8: 0.717 | R8: 115600 | S8: 17.988746 | T8: 20.384373 | U8: 23.546737
L9: 2604 | M9: 4.369 | N9: 3624.063 | P9: 0.647 | R9: 115700 | S9: 17.99687 | T9: 20.394449 | U9: 23.556026
L10: 2624 | M10: 4.358 | N10: 3643.988 | P10: 0.657 | R10: 115800 | S10: 17.961679 | T10: 20.40758 | U10: 23.576031
L11: 2644 | M11: 4.332 | N11: 3684.063 | P11: 0.73 | R11: 115900 | S11: 17.919953 | T11: 20.410526 | U11: 23.65691
L12: 2665 | M12: 4.242 | N12: 3723.975 | P12: 0.77 | R12: 116000 | S12: 17.853223 | T12: 20.426299 | U12: 23.653658
L13: 2685 | M13: 4.096 | N13: 3754.175 | P13: 0.791 | R13: 116100 | S13: 17.879528 | T13: 20.462446 | U13: 23.687269
L14: 2695 | M14: 4.217 | N14: 3794.55 | P14: 0.817 | R14: 116200 | S14: 17.880991 | T14: 20.475185 | U14: 23.782643
L15: 2705 | M15: 4.187 | N15: 3852.125 | P15: 0.802 | R15: 116300 | S15: 17.886009 | T15: 20.508307 | U15: 23.79442
L16: 2734 | M16: 4.173 | N16: 3922.85 | P16: 0.805 | R16: 116400 | S16: 17.872031 | T16: 20.527619 | U16: 23.798293
... L28: 2887 | M28: 4.214 | N28: 4527.525 | P28: 0.64 | R28: 117600 | S28: 18.015719 | T28: 20.957005 | U28: 24.091871
L29: 2905 | M29: 4.703 | R29: 117700 | S29: 18.058786 | T29: 21.009155 | U29: 24.112626
L30: 2910 | M30: 4.576 | R30: 117800 | S30: 18.021138 | T30: 21.080175 | U30: 24.126119
L31: 2925 | M31: 4.317 | R31: 117900 | S31: 18.00027 | T31: 21.123376 | U31: 24.137192
L32: 2965 | M32: 4.477 | R32: 118000 | S32: 17.981684 | T32: 21.178052 | U32: 24.134785
L33: 2985 | M33: 4.463 | R33: 118100 | S33: 17.978109 | T33: 21.241401 | U33: 24.156733
L34: 2995 | M34: 4.571 | R34: 118200 | S34: 17.960816 | T34: 21.310137 | U34: 24.131944
L35: 3014 | M35: 4.432 | R35: 118300 | S35: 17.990759 | T35: 21.373546 | U35: 24.154202
L36: 3026 | M36: 4.441 | R36: 118400 | S36: 17.992855 | T36: 21.427177 | U36: 24.13979
L37: 3045 | M37: 4.444 | R37: 118500 | S37: 17.974009 | T37: 21.537855 | U37: 24.126179
L38: 3050 | M38: 4.272 | R38: 118600 | S38: 17.996829 | T38: 21.61355 | U38: 24.117248
L39: 3065 | M39: 4.244 | R39: 118700 | S39: 18.016201 | T39: 21.680972 | U39: 24.107103
L40: 3110 | M40: 4.496 | R40: 118800 | S40: 18.034891 | T40: 21.724747 | U40: 24.101468
... L126: 4528 | M126: 5.165 | R126: 127400 | S126: 21.09205 | T126: 22.740851 | U126: 24.125102
R127: 127500 | S127: 21.046982 | T127: 22.740089 | U127: 24.118581
R128: 127600 | S128: 20.937155 | T128: 22.728819 | U128: 24.126158
R129: 127700 | S129: 20.750734 | T129: 22.72008 | U129: 24.101223
R130: 127800 | S130: 20.662545 | T130: 22.700636 | U130: 24.088342
R131: 127900 | S131: 20.542534 | T131: 22.698016 | U131: 24.076019
R132: 128000 | S132: 20.318178 | T132: 22.680718 | U132: 24.094534
R133: 128100 | S133: 19.996344 | T133: 22.661168 | U133: 24.085515
R134: 128200 | S134: 19.638291 | T134: 22.650949 | U134: 24.058612
R135: 128300 | S135: 19.184344 | T135: 22.629907 | U135: 24.068867
R136: 128400 | S136: 18.910852 | T136: 22.612328 | U136: 24.049219
R137: 128500 | S137: 18.685413 | T137: 22.596251 | U137: 24.024088
R138: 128600 | S138: 18.59907 | T138: 22.591132 | U138: 24.036227
... R152: 130000 | S152: 17.563387 | T152: 22.189954 | U152: 23.854739

Sheet ODP893
A1: ID | B1: Longitude | C1: Latitude | D1: Proxy | E1: Tie Point Depth (cm) | F1: Tie Point Age (yr) | G1: Tie Point Uncertainty (yr) | H1: Hadley Bias Correction | I1: Hadley uncertainty | J1: TF Uncertainty | K1: SS Uncertainty | L1: Benthic d18O Depth (cm) | M1: Benthic d18O (per mil) | N1: Depth (cm) | O1: Proxy Value | P1: SST (ºC) | Q1: Biascorr | R1: Age (yr) | S1: SST -2sd | T1: SST mean | U1: SST +2sd
A2: ODP 893 | B2: -120.03 | C2: 34.28 | D2: UK37 | F2: 13602 | G2: 111239 | H2: 1599 | L2: 11270 | M2: 3.3 | N2: 12405 | O2: 0.5501 | R2: 115000 | S2: 11.341178 | T2: 15.084479 | U2: 19.13303
F3: 15003 | G3: 128763 | H3: 1485 | L3: 11370 | M3: 3.15 | N3: 12800 | O3: 0.5426 | R3: 115100 | S3: 11.372814 | T3: 15.208122 | U3: 19.153631
F4: 16241 | G4: 137357 | H4: 1500 | L4: 11853 | M4: 3.25 | N4: 13168 | O4: 0.4927 | R4: 115200 | S4: 11.450897 | T4: 15.338247 | U4: 19.228309
L5: 12033 | M5: 3 | N5: 13618 | O5: 0.4158 | R5: 115300 | S5: 11.472688 | T5: 15.454688 | U5: 19.270301
L6: 12055 | M6: 3.15 | N6: 13987 | O6: 0.5927 | R6: 115400 | S6: 11.505352 | T6: 15.579306 | U6: 19.310147
L7: 12152 | M7: 3 | N7: 14379 | O7: 0.6624 | R7: 115500 | S7: 11.527704 | T7: 15.687728 | U7: 19.324982
L8: 12264 | M8: 3 | N8: 14784 | O8: 0.6887 | R8: 115600 | S8: 11.5875 | T8: 15.796887 | U8: 19.395138
L9: 12361 | M9: 2.92 | N9: 15199 | O9: 0.6244 | R9: 115700 | S9: 11.651349 | T9: 15.911201 | U9: 19.426342
L10: 12460 | M10: 3.09 | N10: 15621 | O10: 0.6052 | R10: 115800 | S10: 11.715431 | T10: 16.033556 | U10: 19.459333
L11: 12560 | M11: 2.91 | N11: 15996 | O11: 0.5441 | R11: 115900 | S11: 11.768487 | T11: 16.126025 | U11: 19.468753
L12: 12658 | M12: 2.77 | N12: 16394 | O12: 0.6012 | R12: 116000 | S12: 11.859783 | T12: 16.231494 | U12: 19.491394
L13: 12758 | M13: 2.75 | R13: 116100 | S13: 11.938086 | T13: 16.319432 | U13: 19.550353
L14: 12853 | M14: 2.94 | R14: 116200 | S14: 12.003204 | T14: 16.397266 | U14: 19.555343
L15: 12949 | M15: 2.75 | R15: 116300 | S15: 12.055259 | T15: 16.493229 | U15: 19.554999
L16: 13005 | M16: 2.92 | R16: 116400 | S16: 12.100658 | T16: 16.559633 | U16: 19.566066
L17: 13174 | M17: 2.84 | R17: 116500 | S17: 12.150094 | T17: 16.631423 | U17: 19.580096
L18: 13278 | M18: 2.76 | R18: 116600 | S18: 12.215627 | T18: 16.707593 | U18: 19.584775
L19: 13384 | M19: 2.525 | R19: 116700 | S19: 12.275173 | T19: 16.794512 | U19: 19.588601
L20: 13484 | M20: 2.88 | R20: 116800 | S20: 12.359693 | T20: 16.855747 | U20: 19.592649
L21: 13592 | M21: 3.05 | R21: 116900 | S21: 12.434949 | T21: 16.922406 | U21: 19.59054
L22: 13692 | M22: 2.97 | R22: 117000 | S22: 12.490342 | T22: 16.989072 | U22: 19.617852
L23: 13810 | M23: 2.92 | R23: 117100 | S23: 12.546587 | T23: 17.04209 | U23: 19.662991
L24: 13902 | M24: 2.89 | R24: 117200 | S24: 12.624075 | T24: 17.087495 | U24: 19.666394
... L46: 16544 | M46: 3.93 | R46: 119400 | S46: 14.0311 | T46: 18.02073 | U46: 19.968803
R47: 119500 | S47: 14.092999 | T47: 18.056849 | U47: 19.975468
R48: 119600 | S48: 14.146088 | T48: 18.113965 | U48: 19.965051
R49: 119700 | S49: 14.201538 | T49: 18.147176 | U49: 20.006097
R50: 119800 | S50: 14.244459 | T50: 18.186684 | U50: 20.008917
R51: 119900 | S51: 14.289704 | T51: 18.224302 | U51: 20.029906
R52: 120000 | S52: 14.347146 | T52: 18.265531 | U52: 20.064844
R53: 120100 | S53: 14.384337 | T53: 18.305289 | U53: 20.092076
R54: 120200 | S54: 14.421529 | T54: 18.343848 | U54: 20.111458
R55: 120300 | S55: 14.470577 | T55: 18.383919 | U55: 20.132132
R56: 120400 | S56: 14.50862 | T56: 18.423087 | U56: 20.130759
R57: 120500 | S57: 14.566841 | T57: 18.460067 | U57: 20.137468
R58: 120600 | S58: 14.618438 | T58: 18.48786 | U58: 20.140701
... R152: 130000 | S152: 15.872703 | T152: 17.739818 | U152: 19.281508

Sheet ODP1014A
A1: ID | B1: Longitude | C1: Latitude | D1: Proxy | E1: Tie Point Depth (cm) | F1: Tie Point Age (yr) | G1: Tie Point Uncertainty (yr) | H1: Hadley Bias Correction | I1: Hadley uncertainty | J1: TF Uncertainty | K1: SS Uncertainty | L1: Benthic d18O Depth (cm) | M1: Benthic d18O (per mil) | N1: Depth (cm) | O1: Proxy Value | P1: SST (ºC) | Q1: Biascorr | R1: Age (yr) | S1: SST -2sd | T1: SST mean | U1: SST +2sd
A2: ODP 1014A | B2: -118.9 | C2: 32.8 | D2: UK37 | E2: 1249 | F2: 111281 | G2: 1600 | L2: 1052 | M2: 3.666 | N2: 1190 | O2: 0.596 | R2: 115000 | S2: 14.851665 | T2: 16.035486 | U2: 18.5809
E3: 1368 | F3: 128758 | G3: 1485 | L3: 1062 | M3: 3.67 | N3: 1210 | O3: 0.581 | R3: 115100 | S3: 14.857361 | T3: 16.037711 | U3: 18.623767
E4: 1521 | F4: 137354 | G4: 1500 | L4: 1072 | M4: 3.601 | N4: 1230 | O4: 0.582 | R4: 115200 | S4: 14.851793 | T4: 16.048149 | U4: 18.664471
E5: 1592 | F5: 139631 | G5: 1506 | L5: 1082 | M5: 3.625 | N5: 1250 | O5: 0.57 | R5: 115300 | S5: 14.879485 | T5: 16.054921 | U5: 18.691438
L6: 1092 | M6: 3.612 | N6: 1270 | O6: 0.568 | R6: 115400 | S6: 14.870525 | T6: 16.0523 | U6: 18.807401
L7: 1102 | M7: 3.546 | N7: 1280 | O7: 0.561 | R7: 115500 | S7: 14.889258 | T7: 16.048251 | U7: 18.878027
L8: 1112 | M8: 3.493 | N8: 1300 | O8: 0.592 | R8: 115600 | S8: 14.89447 | T8: 16.052306 | U8: 18.939713
L9: 1122 | M9: 3.407 | N9: 1320 | O9: 0.646 | R9: 115700 | S9: 14.88844 | T9: 16.062604 | U9: 19.044265
L10: 1132 | M10: 3.424 | N10: 1340 | O10: 0.685 | R10: 115800 | S10: 14.882619 | T10: 16.072211 | U10: 19.108226
L11: 1142 | M11: 3.361 | N11: 1362 | O11: 0.673 | R11: 115900 | S11: 14.869495 | T11: 16.088247 | U11: 19.222929
L12: 1152 | M12: 3.38 | N12: 1378 | O12: 0.677 | R12: 116000 | S12: 14.876114 | T12: 16.090881 | U12: 19.312678
L13: 1162 | M13: 3.328 | N13: 1381 | O13: 0.596 | R13: 116100 | S13: 14.876459 | T13: 16.107114 | U13: 19.413009
L14: 1172 | M14: 3.36 | N14: 1401 | O14: 0.578 | R14: 116200 | S14: 14.855442 | T14: 16.123808 | U14: 19.476615
L15: 1188 | M15: 3.339 | N15: 1421 | O15: 0.693 | R15: 116300 | S15: 14.852989 | T15: 16.139854 | U15: 19.511571
L16: 1198 | M16: 3.343 | N16: 1441 | O16: 0.565 | R16: 116400 | S16: 14.868741 | T16: 16.154518 | U16: 19.53955
L17: 1208 | M17: 3.597 | N17: 1461 | O17: 0.58 | R17: 116500 | S17: 14.860268 | T17: 16.149565 | U17: 19.59833
... L32: 1358 | M32: 2.78 | N32: 1741 | O32: 0.47 | R32: 118000 | S32: 14.971054 | T32: 16.421578 | U32: 19.881565
L33: 1368 | M33: 2.761 | R33: 118100 | S33: 14.981096 | T33: 16.438416 | U33: 19.906793
L34: 1378 | M34: 2.822 | R34: 118200 | S34: 14.959951 | T34: 16.454362 | U34: 19.903211
L35: 1388 | M35: 2.983 | R35: 118300 | S35: 14.960505 | T35: 16.472611 | U35: 19.906119
L36: 1398 | M36: 3.052 | R36: 118400 | S36: 14.995712 | T36: 16.504729 | U36: 19.926529
L37: 1408 | M37: 2.896 | R37: 118500 | S37: 15.021488 | T37: 16.54148 | U37: 19.944801
L38: 1418 | M38: 3.184 | R38: 118600 | S38: 15.078477 | T38: 16.574039 | U38: 19.961217
L39: 1428 | M39: 3.204 | R39: 118700 | S39: 15.105578 | T39: 16.606453 | U39: 19.975352
L40: 1446 | M40: 3.632 | R40: 118800 | S40: 15.111196 | T40: 16.65432 | U40: 19.997086
L41: 1451 | M41: 3.93 | R41: 118900 | S41: 15.100491 | T41: 16.694682 | U41: 19.991054
L42: 1461 | M42: 4.03 | R42: 119000 | S42: 15.088633 | T42: 16.731236 | U42: 19.986293
L43: 1471 | M43: 4.177 | R43: 119100 | S43: 15.104002 | T43: 16.761875 | U43: 19.995989
L44: 1481 | M44: 4.285 | R44: 119200 | S44: 15.103698 | T44: 16.807351 | U44: 20.002347
... L63: 1671 | M63: 3.918 | R63: 121100 | S63: 15.27323 | T63: 17.834121 | U63: 20.102025
R64: 121200 | S64: 15.324021 | T64: 17.894959 | U64: 20.090237
R65: 121300 | S65: 15.338553 | T65: 17.964255 | U65: 20.089076
R66: 121400 | S66: 15.356274 | T66: 18.010754 | U66: 20.129596
R67: 121500 | S67: 15.343798 | T67: 18.072698 | U67: 20.133828
R68: 121600 | S68: 15.344124 | T68: 18.122667 | U68: 20.137482
R69: 121700 | S69: 15.344246 | T69: 18.168242 | U69: 20.156486
R70: 121800 | S70: 15.355395 | T70: 18.232027 | U70: 20.144931
R71: 121900 | S71: 15.359079 | T71: 18.271781 | U71: 20.165045
R72: 122000 | S72: 15.361669 | T72: 18.307784 | U72: 20.174354
R73: 122100 | S73: 15.36954 | T73: 18.352866 | U73: 20.145161
R74: 122200 | S74: 15.385468 | T74: 18.38855 | U74: 20.160664
R75: 122300 | S75: 15.38225 | T75: 18.426122 | U75: 20.189885
... R152: 130000 | S152: 15.40137 | T152: 17.665782 | U152: 20.185415

Sheet ODP1012
A1: ID | B1: Longitude | C1: Latitude | D1: Proxy | E1: Tie Point Depth (cm) | F1: Tie Point Age (yr) | G1: Tie Point Uncertainty (yr) | H1: Hadley Bias Correction | I1: Hadley uncertainty | J1: TF Uncertainty | K1: SS Uncertainty | L1: Benthic d18O Depth (cm) | M1: Benthic d18O (per mil) | N1: Depth (cm) | O1: Proxy Value | P1: SST (ºC) | Q1: Biascorr | R1: Age (yr) | S1: SST -2sd | T1: SST mean | U1: SST +2sd
A2: ODP1012 | B2: -118.38 | C2: 32.28 | D2: UK37 | E2: 1103 | F2: 111273 | G2: 1600 | L2: 773 | M2: 4.01 | N2: 1091 | O2: 0.582 | R2: 115000 | S2: 15.820843 | T2: 17.047016 | U2: 19.179828
E3: 1221 | F3: 128743 | G3: 1485 | L3: 781 | M3: 3.94 | N3: 1097 | O3: 0.593 | R3: 115100 | S3: 15.827072 | T3: 17.050587 | U3: 19.189244
E4: 1290 | F4: 131229 | G4: 1500 | L4: 790 | M4: 3.82 | N4: 1103 | O4: 0.593 | R4: 115200 | S4: 15.823451 | T4: 17.063895 | U4: 19.221109
E5: 1310 | F5: 135054 | G5: 1500 | L5: 799 | M5: 3.74 | N5: 1110 | O5: 0.591 | R5: 115300 | S5: 15.808005 | T5: 17.091895 | U5: 19.26124
E6: 1383 | F6: 139592 | G6: 1506 | L6: 807 | M6: 3.84 | N6: 1117 | O6: 0.605 | R6: 115400 | S6: 15.833421 | T6: 17.121875 | U6: 19.313151
L7: 818 | M7: 3.77 | N7: 1124 | O7: 0.606 | R7: 115500 | S7: 15.82645 | T7: 17.148432 | U7: 19.395524
L8: 828 | M8: 3.94 | N8: 1133 | O8: 0.604 | R8: 115600 | S8: 15.84119 | T8: 17.163327 | U8: 19.413048
L9: 837 | M9: 3.73 | N9: 1142 | O9: 0.623 | R9: 115700 | S9: 15.866202 | T9: 17.180349 | U9: 19.433364
L10: 845 | M10: 3.8 | N10: 1152 | O10: 0.633 | R10: 115800 | S10: 15.871979 | T10: 17.201148 | U10: 19.496909
L11: 852 | M11: 3.9 | N11: 1161 | O11: 0.653 | R11: 115900 | S11: 15.88514 | T11: 17.209863 | U11: 19.468347
L12: 860 | M12: 4.08 | N12: 1172 | O12: 0.663 | R12: 116000 | S12: 15.88891 | T12: 17.225838 | U12: 19.469595
L13: 870 | M13: 3.75 | N13: 1182 | O13: 0.683 | R13: 116100 | S13: 15.918031 | T13: 17.258953 | U13: 19.462359
L14: 879 | M14: 3.9 | N14: 1192 | O14: 0.687 | R14: 116200 | S14: 15.918305 | T14: 17.279691 | U14: 19.487299
L15: 887 | M15: 3.91 | N15: 1202 | O15: 0.706 | R15: 116300 | S15: 15.918709 | T15: 17.288852 | U15: 19.504968
L16: 896 | M16: 3.72 | N16: 1211 | O16: 0.7 | R16: 116400 | S16: 15.938445 | T16: 17.327526 | U16: 19.56218
L17: 905 | M17: 3.79 | N17: 1221 | O17: 0.702 | R17: 116500 | S17: 15.973384 | T17: 17.343395 | U17: 19.572052
L18: 914 | M18: 3.93 | N18: 1230 | O18: 0.691 | R18: 116600 | S18: 15.987794 | T18: 17.348682 | U18: 19.589379
... L35: 1097 | M35: 3.73 | N35: 1413 | O35: 0.526 | R35: 118300 | S35: 16.136278 | T35: 17.894453 | U35: 20.198289
L36: 1103 | M36: 3.96 | R36: 118400 | S36: 16.145938 | T36: 17.934158 | U36: 20.224444
L37: 1110 | M37: 3.86 | R37: 118500 | S37: 16.155556 | T37: 17.975625 | U37: 20.256669
L38: 1117 | M38: 3.84 | R38: 118600 | S38: 16.218971 | T38: 18.00567 | U38: 20.282756
L39: 1133 | M39: 3.8 | R39: 118700 | S39: 16.272634 | T39: 18.033349 | U39: 20.254132
L40: 1152 | M40: 3.41 | R40: 118800 | S40: 16.282926 | T40: 18.069417 | U40: 20.30882
L41: 1161 | M41: 3.56 | R41: 118900 | S41: 16.298743 | T41: 18.101572 | U41: 20.358022
L42: 1172 | M42: 3.31 | R42: 119000 | S42: 16.340396 | T42: 18.130108 | U42: 20.374608
L43: 1182 | M43: 3.35 | R43: 119100 | S43: 16.35016 | T43: 18.160247 | U43: 20.368143
L44: 1192 | M44: 3.22 | R44: 119200 | S44: 16.343411 | T44: 18.198584 | U44: 20.376628
L45: 1202 | M45: 3.06 | R45: 119300 | S45: 16.374075 | T45: 18.24681 | U45: 20.402889
L46: 1221 | M46: 3.05 | R46: 119400 | S46: 16.375707 | T46: 18.278956 | U46: 20.422667
L47: 1230 | M47: 3.19 | R47: 119500 | S47: 16.357724 | T47: 18.301508 | U47: 20.441813
... L73: 1499 | M73: 4.6 | R73: 122100 | S73: 16.934403 | T73: 19.135416 | U73: 20.830895
R74: 122200 | S74: 16.954528 | T74: 19.175183 | U74: 20.830749
R75: 122300 | S75: 16.978084 | T75: 19.2024 | U75: 20.847614
R76: 122400 | S76: 16.997267 | T76: 19.236109 | U76: 20.834651
R77: 122500 | S77: 17.033534 | T77: 19.263479 | U77: 20.823301
R78: 122600 | S78: 17.063009 | T78: 19.300251 | U78: 20.844421
R79: 122700 | S79: 17.092511 | T79: 19.323159 | U79: 20.834063
R80: 122800 | S80: 17.13008 | T80: 19.350389 | U80: 20.856227
R81: 122900 | S81: 17.127838 | T81: 19.384293 | U81: 20.961149
R82: 123000 | S82: 17.152199 | T82: 19.40611 | U82: 20.931672
R83: 123100 | S83: 17.179582 | T83: 19.435064 | U83: 20.938096
R84: 123200 | S84: 17.205944 | T84: 19.446179 | U84: 20.97521
R85: 123300 | S85: 17.19066 | T85: 19.464677 | U85: 20.973932
... R152: 130000 | S152: 15.865719 | T152: 17.636769 | U152: 20.389783

Sheet LAPAZ21
A1: ID | B1: Longitude | C1: Latitude | D1: Proxy | E1: Tie Point Depth (cm) | F1: Tie Point Age (yr) | G1: Tie Point Uncertainty (yr) | H1: Hadley Bias Correction | I1: Hadley uncertainty | J1: TF Uncertainty | K1: SS Uncertainty | L1: Benthic d18O Depth (cm) | M1: Benthic d18O (per mil) | N1: Depth (cm) | O1: Proxy Value | P1: SST (ºC) | Q1: Biascorr | R1: Age (yr) | S1: SST -2sd | T1: SST mean | U1: SST +2sd
A2: LAPAZ21P | B2: -109.47 | C2: 22.98 | D2: UK37 | E2: 351 | F2: 111227 | G2: 1598 | L2: 271.5 | M2: 3.54 | N2: 341.5 | O2: 0.875 | R2: 115000 | S2: 24.049851 | T2: 25.565601 | U2: 27.432802
E3: 422 | F3: 128732 | G3: 1485 | L3: 281.5 | M3: 3.42 | N3: 346.5 | O3: 0.877 | R3: 115100 | S3: 24.045247 | T3: 25.584819 | U3: 27.528782
E4: 501 | F4: 137276 | G4: 1500 | L4: 291.5 | M4: 3.39 | N4: 351.5 | O4: 0.869 | R4: 115200 | S4: 24.060654 | T4: 25.607117 | U4: 27.557035
L5: 301.5 | M5: 3.25 | N5: 356.5 | O5: 0.889 | R5: 115300 | S5: 24.075442 | T5: 25.62612 | U5: 27.554654
L6: 311.5 | M6: 3.07 | N6: 361.5 | O6: 0.874 | R6: 115400 | S6: 24.10992 | T6: 25.628492 | U6: 27.572508
L7: 321.5 | M7: 3.61 | N7: 366.5 | O7: 0.882 | R7: 115500 | S7: 24.112301 | T7: 25.655692 | U7: 27.552362
L8: 331.5 | M8: 3.56 | N8: 371.5 | O8: 0.895 | R8: 115600 | S8: 24.138414 | T8: 25.681201 | U8: 27.609641
L9: 341.5 | M9: 2.96 | N9: 376.5 | O9: 0.89 | R9: 115700 | S9: 24.147715 | T9: 25.708958 | U9: 27.644016
L10: 351.5 | M10: 3.59 | N10: 376.5 | O10: 0.937 | R10: 115800 | S10: 24.169252 | T10: 25.733317 | U10: 27.649658
L11: 361.5 | M11: 3.14 | N11: 381.5 | O11: 0.908 | R11: 115900 | S11: 24.2019 | T11: 25.754175 | U11: 27.684033
L12: 371.5 | M12: 2.92 | N12: 386.5 | O12: 0.924 | R12: 116000 | S12: 24.192461 | T12: 25.766148 | U12: 27.692823
L13: 381.5 | M13: 3.22 | N13: 391.5 | O13: 0.926 | R13: 116100 | S13: 24.214648 | T13: 25.791741 | U13: 27.71189
L14: 391.5 | M14: 3.08 | N14: 396.5 | O14: 0.942 | R14: 116200 | S14: 24.228999 | T14: 25.829782 | U14: 27.733438
L15: 401.5 | M15: 2.96 | N15: 401.5 | O15: 0.932 | R15: 116300 | S15: 24.248644 | T15: 25.840908 | U15: 27.805368
L16: 411.5 | M16: 2.8 | N16: 406.5 | O16: 0.937 | R16: 116400 | S16: 24.270391 | T16: 25.869219 | U16: 27.883565
... L31: 561.5 | M31: 4.16 | N31: 481.5 | O31: 0.834 | R31: 117900 | S31: 24.391283 | T31: 26.161524 | U31: 28.051159
N32: 486.5 | O32: 0.863 | R32: 118000 | S32: 24.38636 | T32: 26.178095 | U32: 28.120158
N33: 491.5 | O33: 0.836 | R33: 118100 | S33: 24.400408 | T33: 26.213777 | U33: 28.119012
N34: 496.5 | O34: 0.833 | R34: 118200 | S34: 24.411208 | T34: 26.253769 | U34: 28.11456
N35: 501.5 | O35: 0.84 | R35: 118300 | S35: 24.423443 | T35: 26.270385 | U35: 28.176837
N36: 506.5 | O36: 0.853 | R36: 118400 | S36: 24.462897 | T36: 26.285782 | U36: 28.143365
N37: 511.5 | O37: 0.85 | R37: 118500 | S37: 24.467084 | T37: 26.298151 | U37: 28.121279
R38: 118600 | S38: 24.516906 | T38: 26.319104 | U38: 28.156317
R39: 118700 | S39: 24.563508 | T39: 26.351298 | U39: 28.172419
R40: 118800 | S40: 24.519297 | T40: 26.382545 | U40: 28.164336
R41: 118900 | S41: 24.55441 | T41: 26.387336 | U41: 28.239143
R42: 119000 | S42: 24.567856 | T42: 26.387338 | U42: 28.245606
R43: 119100 | S43: 24.611319 | T43: 26.397345 | U43: 28.283109
R44: 119200 | S44: 24.623914 | T44: 26.423001 | U44: 28.267185
R45: 119300 | S45: 24.652536 | T45: 26.45279 | U45: 28.313157
R46: 119400 | S46: 24.686319 | T46: 26.483494 | U46: 28.330361
R47: 119500 | S47: 24.713619 | T47: 26.485903 | U47: 28.319757
R48: 119600 | S48: 24.701814 | T48: 26.499258 | U48: 28.294242
R49: 119700 | S49: 24.706802 | T49: 26.51468 | U49: 28.340228
... R152: 130000 | S152: 24.058791 | T152: 26.85926 | U152: 28.824734

Sheet ODP1145
A1: ID | B1: Longitude | C1: Latitude | D1: Proxy | E1: Tie Point Depth (cm) | F1: Tie Point Age (yr) | G1: Tie Point Uncertainty (yr) | H1: Hadley Bias Correction | I1: Hadley uncertainty | J1: TF Uncertainty | K1: SS Uncertainty | L1: Benthic d18O Depth (cm) | M1: Benthic d18O (per mil) | N1: Depth (cm) | O1: Proxy Value | P1: SST (ºC) | Q1: Biascorr | R1: Age (yr) | S1: SST -2sd | T1: SST mean | U1: SST +2sd
A2: ODP1145 | B2: 117.63 | C2: 19.53 | D2: MgCa | E2: 2305 | F2: 111242 | G2: 1599 | L2: 1945 | M2: 3.41 | N2: 2295 | O2: 3.16 | R2: 115000 | S2: 21.0117 | T2: 22.501237 | U2: 24.739616
E3: 2466 | F3: 128753 | G3: 1485 | L3: 1986 | M3: 3.25 | N3: 2305 | O3: 3.02 | R3: 115100 | S3: 20.993906 | T3: 22.499359 | U3: 24.733965
E4: 2746 | F4: 137354 | G4: 1500 | L4: 2025 | M4: 3.12 | N4: 2316 | O4: 2.85 | R4: 115200 | S4: 20.962868 | T4: 22.518241 | U4: 24.790994
L5: 2065 | M5: 3.08 | N5: 2325 | O5: 2.71 | R5: 115300 | S5: 20.961465 | T5: 22.518291 | U5: 24.886389
L6: 2106 | M6: 3.08 | N6: 2335 | O6: 2.9 | R6: 115400 | S6: 20.939244 | T6: 22.507167 | U6: 24.971763
L7: 2145 | M7: 2.95 | N7: 2346 | O7: 2.91 | R7: 115500 | S7: 20.956537 | T7: 22.49187 | U7: 25.02507
L8: 2185 | M8: 3.01 | N8: 2355 | O8: 2.87 | R8: 115600 | S8: 20.9769 | T8: 22.506505 | U8: 25.051285
L9: 2225 | M9: 3.22 | N9: 2365 | O9: 2.69 | R9: 115700 | S9: 20.941651 | T9: 22.502173 | U9: 25.159223
L10: 2265 | M10: 3.19 | N10: 2376 | O10: 2.98 | R10: 115800 | S10: 20.837279 | T10: 22.502768 | U10: 25.158262
L11: 2305 | M11: 3.35 | N11: 2385 | O11: 3.52 | R11: 115900 | S11: 20.829646 | T11: 22.521007 | U11: 25.12688
L12: 2346 | M12: 3.27 | N12: 2395 | O12: 3.65 | R12: 116000 | S12: 20.891925 | T12: 22.5069 | U12: 25.068492
L13: 2385 | M13: 2.82 | N13: 2406 | O13: 3.43 | R13: 116100 | S13: 20.893148 | T13: 22.494835 | U13: 25.185603
L14: 2425 | M14: 2.46 | N14: 2415 | O14: 3.25 | R14: 116200 | S14: 20.882943 | T14: 22.496754 | U14: 25.313669
L15: 2466 | M15: 2.44 | N15: 2425 | O15: 3.59 | R15: 116300 | S15: 20.876378 | T15: 22.514016 | U15: 25.472874
L16: 2565 | M16: 3.51 | N16: 2435 | O16: 3.81 | R16: 116400 | S16: 20.864148 | T16: 22.518935 | U16: 25.477076
... L22: 2825 | M22: 3.73 | N22: 2495 | O22: 3.59 | R22: 117000 | S22: 20.810864 | T22: 22.492196 | U22: 25.670159
N23: 2505 | O23: 3.04 | R23: 117100 | S23: 20.815323 | T23: 22.52214 | U23: 25.642286
N24: 2516 | O24: 3.14 | R24: 117200 | S24: 20.83937 | T24: 22.524155 | U24: 25.617622
N25: 2525 | O25: 3.31 | R25: 117300 | S25: 20.845408 | T25: 22.52978 | U25: 25.601892
N26: 2535 | O26: 3.26 | R26: 117400 | S26: 20.815884 | T26: 22.534492 | U26: 25.572048
N27: 2545 | O27: 3.36 | R27: 117500 | S27: 20.862586 | T27: 22.532739 | U27: 25.546263
N28: 2555 | O28: 2.95 | R28: 117600 | S28: 20.850384 | T28: 22.54179 | U28: 25.614827
N29: 2565 | O29: 2.82 | R29: 117700 | S29: 20.776053 | T29: 22.561523 | U29: 25.671066
N30: 2576 | O30: 2.84 | R30: 117800 | S30: 20.79573 | T30: 22.592873 | U30: 25.75175
N31: 2584 | O31: 2.98 | R31: 117900 | S31: 20.791725 | T31: 22.617303 | U31: 25.954324
N32: 2595 | O32: 2.81 | R32: 118000 | S32: 20.803845 | T32: 22.646463 | U32: 25.886967
N33: 2605 | O33: 2.65 | R33: 118100 | S33: 20.828002 | T33: 22.684796 | U33: 25.956223
N34: 2615 | O34: 2.59 | R34: 118200 | S34: 20.816202 | T34: 22.686124 | U34: 25.95634
... N54: 2815 | O54: 2.72 | R54: 120200 | S54: 21.339031 | T54: 24.309454 | U54: 26.49148
R55: 120300 | S55: 21.356397 | T55: 24.324775 | U55: 26.528253
R56: 120400 | S56: 21.405146 | T56: 24.340838 | U56: 26.516178
R57: 120500 | S57: 21.45536 | T57: 24.369 | U57: 26.505776
R58: 120600 | S58: 21.474949 | T58: 24.38964 | U58: 26.543475
R59: 120700 | S59: 21.492954 | T59: 24.42074 | U59: 26.564154
R60: 120800 | S60: 21.494576 | T60: 24.446953 | U60: 26.549552
R61: 120900 | S61: 21.46922 | T61: 24.454038 | U61: 26.611803
R62: 121000 | S62: 21.494307 | T62: 24.45312 | U62: 26.539833
R63: 121100 | S63: 21.497373 | T63: 24.461817 | U63: 26.56598
R64: 121200 | S64: 21.484969 | T64: 24.478166 | U64: 26.604418
R65: 121300 | S65: 21.600651 | T65: 24.453642 | U65: 26.604417
R66: 121400 | S66: 21.630876 | T66: 24.472273 | U66: 26.57805
... R152: 130000 | S152: 21.092244 | T152: 23.996231 | U152: 26.287977

Sheet ODP1146
A1: ID | B1: Longitude | C1: Latitude | D1: Proxy | E1: Tie Point Depth (cm) | F1: Tie Point Age (yr) | G1: Tie Point Uncertainty (yr) | H1: Hadley Bias Correction | I1: Hadley uncertainty | J1: TF Uncertainty | K1: SS Uncertainty | L1: Benthic d18O Depth (cm) | M1: Benthic d18O (per mil) | N1: Depth (cm) | O1: Proxy Value | P1: SST (ºC) | Q1: Biascorr | R1: Age (yr) | S1: SST -2sd | T1: SST mean | U1: SST +2sd
